Timestamp,EMG Value,massage_speed,massage_duration,relaxment_level
0.001996278762817383,0,0.0,0.0,0.0
0.012111186981201172,0,0.0,0.0,0.0
0.022121429443359375,0,0.0,0.0,0.0
0.03508949279785156,0,0.0,0.0,0.0
0.0451202392578125,0,0.0,0.0,0.0
0.0551152229309082,0,0.0,0.0,0.0
0.05670976638793945,0,0.0,0.0,0.0
0.06672978401184082,0,0.0,0.0,0.0
0.07672929763793945,0,0.0,0.0,0.0
0.08672714233398438,0,0.0,0.0,0.0
0.09673285484313965,0,0.0,0.0,0.0
0.10672807693481445,0,0.0,0.0,0.0
0.11679768562316895,0,0.0,0.0,0.0
0.12777423858642578,0,0.0,0.0,0.0
0.13777518272399902,0,0.0,0.0,0.0
0.14777612686157227,0,0.0,0.0,0.0
0.1577742099761963,0,0.0,0.0,0.0
0.16777563095092773,0,0.0,0.0,0.0
0.17777466773986816,0,0.0,0.0,0.0
0.1877741813659668,0,0.0,0.0,0.0
0.19915413856506348,0,0.0,0.0,0.0
0.21402573585510254,0,0.0,0.0,0.0
0.22404789924621582,0,0.0,0.0,0.0
0.23363137245178223,0,0.0,0.0,0.0
0.2416391372680664,0,0.0,0.0,0.0
0.2482309341430664,0,0.0,0.0,0.0
0.2646007537841797,0,0.0,0.0,0.0
0.2655982971191406,0,0.0,0.0,0.0
0.27670717239379883,0,0.0,0.0,0.0
0.28808045387268066,0,0.0,0.0,0.0
0.29811644554138184,0,0.0,0.0,0.0
0.30811524391174316,0,0.0,0.0,0.0
0.3181149959564209,0,0.0,0.0,0.0
0.3319432735443115,0,0.0,0.0,0.0
0.3419780731201172,0,0.0,0.0,0.0
0.3549234867095947,0,0.0,0.0,0.0
0.36493563652038574,0,0.0,0.0,0.0
0.3749415874481201,0,0.0,0.0,0.0
0.38493800163269043,0,0.0,0.0,0.0
0.39493751525878906,0,0.0,0.0,0.0
0.4049379825592041,0,0.0,0.0,0.0
0.41493821144104004,0,0.0,0.0,0.0
0.4250495433807373,0,0.0,0.0,0.0
0.4345545768737793,0,0.0,0.0,0.0
0.439591646194458,0,0.0,0.0,0.0
0.4492225646972656,0,0.0,0.0,0.0
0.46483612060546875,0,0.0,0.0,0.0
0.47287797927856445,0,0.0,0.0,0.0
0.48091840744018555,0,0.0,0.0,0.0
0.49497032165527344,0,0.0,0.0,0.0
0.504981279373169,0,0.0,0.0,0.0
0.5149800777435303,0,0.0,0.0,0.0
0.5150949954986572,0,0.0,0.0,0.0
0.5276789665222168,0,0.0,0.0,0.0
0.5450921058654785,0,0.0,0.0,0.0
0.5537755489349365,0,0.0,0.0,0.0
0.5649433135986328,0,0.0,0.0,0.0
0.5691418647766113,0,0.0,0.0,0.0
0.5845141410827637,0,0.0,0.0,0.0
0.5855112075805664,0,0.0,0.0,0.0
0.5997116565704346,0,0.0,0.0,0.0
0.6076085567474365,0,0.0,0.0,0.0
0.6228344440460205,0,0.0,0.0,0.0
0.6349847316741943,0,0.0,0.0,0.0
0.6449005603790283,0,0.0,0.0,0.0
0.654655933380127,0,0.0,0.0,0.0
0.6641912460327148,0,0.0,0.0,0.0
0.6698722839355469,0,0.0,0.0,0.0
0.684187650680542,0,0.0,0.0,0.0
0.6939294338226318,0,0.0,0.0,0.0
0.7049915790557861,0,0.0,0.0,0.0
0.714430570602417,0,0.0,0.0,0.0
0.7225742340087891,0,0.0,0.0,0.0
0.732719898223877,0,0.0,0.0,0.0
0.7445790767669678,0,0.0,0.0,0.0
0.754302978515625,0,0.0,0.0,0.0
0.7639548778533936,0,0.0,0.0,0.0
0.7695918083190918,0,0.0,0.0,0.0
0.7849805355072021,0,0.0,0.0,0.0
0.7926540374755859,0,0.0,0.0,0.0
0.8049471378326416,0,0.0,0.0,0.0
0.8145232200622559,0,0.0,0.0,0.0
0.8232812881469727,0,0.0,0.0,0.0
0.831700325012207,0,0.0,0.0,0.0
0.844365119934082,0,0.0,0.0,0.0
0.8549404144287109,0,0.0,0.0,0.0
0.8641407489776611,0,0.0,0.0,0.0
0.8684506416320801,0,0.0,0.0,0.0
0.8837637901306152,0,0.0,0.0,0.0
0.8947553634643555,0,0.0,0.0,0.0
0.9048984050750732,0,0.0,0.0,0.0
0.9143900871276855,0,0.0,0.0,0.0
0.9228618144989014,0,0.0,0.0,0.0
0.9346482753753662,0,0.0,0.0,0.0
0.9441843032836914,0,0.0,0.0,0.0
0.9549880027770996,0,0.0,0.0,0.0
0.9643533229827881,0,0.0,0.0,0.0
0.9748427867889404,0,0.0,0.0,0.0
0.984511137008667,0,0.0,0.0,0.0
0.9920494556427002,0,0.0,0.0,0.0
1.001905918121338,0,0.0,0.0,0.0
1.0142197608947754,0,0.0,0.0,0.0
1.0232274532318115,0,0.0,0.0,0.0
1.0310783386230469,0,0.0,0.0,0.0
1.039093017578125,0,0.0,0.0,0.0
1.0523021221160889,0,0.0,0.0,0.0
1.0634791851043701,0,0.0,0.0,0.0
1.0745728015899658,0,0.0,0.0,0.0
1.0849175453186035,0,0.0,0.0,0.0
1.092942476272583,0,0.0,0.0,0.0
1.097766399383545,0,0.0,0.0,0.0
1.1145315170288086,0,0.0,0.0,0.0
1.1245598793029785,0,0.0,0.0,0.0
1.1349234580993652,0,0.0,0.0,0.0
1.1449298858642578,0,0.0,0.0,0.0
1.1549272537231445,0,0.0,0.0,0.0
1.1649274826049805,0,0.0,0.0,0.0
1.1749284267425537,0,0.0,0.0,0.0
1.1849298477172852,0,0.0,0.0,0.0
1.1906006336212158,0,0.0,0.0,0.0
1.19899320602417,0,0.0,0.0,0.0
1.2144057750701904,0,0.0,0.0,0.0
1.2221710681915283,0,0.0,0.0,0.0
1.233757734298706,0,0.0,0.0,0.0
1.2453384399414062,0,0.0,0.0,0.0
1.2531132698059082,0,0.0,0.0,0.0
1.2648389339447021,0,0.0,0.0,0.0
1.2740488052368164,0,0.0,0.0,0.0
1.2848801612854004,0,0.0,0.0,0.0
1.2940342426300049,0,0.0,0.0,0.0
1.3043181896209717,0,0.0,0.0,0.0
1.313352346420288,0,0.0,0.0,0.0
1.3191535472869873,0,0.0,0.0,0.0
1.3341829776763916,0,0.0,0.0,0.0
1.3351843357086182,0,0.0,0.0,0.0
1.351444959640503,0,0.0,0.0,0.0
1.364532470703125,0,0.0,0.0,0.0
1.3749771118164062,0,0.0,0.0,0.0
1.3828861713409424,0,0.0,0.0,0.0
1.3908991813659668,0,0.0,0.0,0.0
1.3974878787994385,0,0.0,0.0,0.0
1.4140281677246094,0,0.0,0.0,0.0
1.4226312637329102,0,0.0,0.0,0.0
1.4308521747589111,0,0.0,0.0,0.0
1.4397850036621094,0,0.0,0.0,0.0
1.4503209590911865,0,0.0,0.0,0.0
1.464296579360962,0,0.0,0.0,0.0
1.4747729301452637,0,0.0,0.0,0.0
1.4848933219909668,0,0.0,0.0,0.0
1.490811824798584,0,0.0,0.0,0.0
1.5048842430114746,0,0.0,0.0,0.0
1.5143382549285889,0,0.0,0.0,0.0
1.5205023288726807,0,0.0,0.0,0.0
1.5345559120178223,0,0.0,0.0,0.0
1.536553144454956,0,0.0,0.0,0.0
1.553581714630127,0,0.0,0.0,0.0
1.5633208751678467,0,0.0,0.0,0.0
1.5686051845550537,0,0.0,0.0,0.0
1.5847163200378418,0,0.0,0.0,0.0
1.5915069580078125,0,0.0,0.0,0.0
1.6046855449676514,0,0.0,0.0,0.0
1.6141078472137451,0,0.0,0.0,0.0
1.6236658096313477,0,0.0,0.0,0.0
1.6344895362854004,0,0.0,0.0,0.0
1.643237590789795,0,0.0,0.0,0.0
1.655076026916504,0,0.0,0.0,0.0
1.6632859706878662,0,0.0,0.0,0.0
1.675123929977417,0,0.0,0.0,0.0
1.6843011379241943,0,0.0,0.0,0.0
1.6900548934936523,0,0.0,0.0,0.0
1.7053337097167969,0,0.0,0.0,0.0
1.7149839401245117,0,0.0,0.0,0.0
1.7244558334350586,0,0.0,0.0,0.0
1.735128402709961,0,0.0,0.0,0.0
1.7441139221191406,0,0.0,0.0,0.0
1.750596284866333,0,0.0,0.0,0.0
1.7641258239746094,0,0.0,0.0,0.0
1.7753312587738037,0,0.0,0.0,0.0
1.7810027599334717,0,0.0,0.0,0.0
1.7890329360961914,0,0.0,0.0,0.0
1.7973475456237793,0,0.0,0.0,0.0
1.8140869140625,0,0.0,0.0,0.0
1.8230865001678467,0,0.0,0.0,0.0
1.830601692199707,0,0.0,0.0,0.0
1.8394994735717773,0,0.0,0.0,0.0
1.8502516746520996,0,0.0,0.0,0.0
1.864976406097412,0,0.0,0.0,0.0
1.875105381011963,0,0.0,0.0,0.0
1.8810038566589355,0,0.0,0.0,0.0
1.891690969467163,0,0.0,0.0,0.0
1.9042093753814697,0,0.0,0.0,0.0
1.9138946533203125,0,0.0,0.0,0.0
1.9243783950805664,0,0.0,0.0,0.0
1.9307825565338135,0,0.0,0.0,0.0
1.938783884048462,0,0.0,0.0,0.0
1.9517083168029785,0,0.0,0.0,0.0
1.965148687362671,0,0.0,0.0,0.0
1.9736831188201904,0,0.0,0.0,0.0
1.9810543060302734,0,0.0,0.0,0.0
1.988091230392456,0,0.0,0.0,0.0
2.0044424533843994,0,0.0,0.0,0.0
2.014965772628784,0,0.0,0.0,0.0
2.020982265472412,0,0.0,0.0,0.0
2.0312116146087646,0,0.0,0.0,0.0
2.041855573654175,0,0.0,0.0,0.0
2.0505728721618652,0,0.0,0.0,0.0
2.0648117065429688,0,0.0,0.0,0.0
2.074450969696045,0,0.0,0.0,0.0
2.08209228515625,0,0.0,0.0,0.0
2.0898826122283936,0,0.0,0.0,0.0
2.104210615158081,0,0.0,0.0,0.0
2.1142919063568115,0,0.0,0.0,0.0
2.1234724521636963,0,0.0,0.0,0.0
2.1349055767059326,0,0.0,0.0,0.0
2.143528461456299,0,0.0,0.0,0.0
2.1549928188323975,0,0.0,0.0,0.0
2.16477108001709,0,0.0,0.0,0.0
2.1742568016052246,0,0.0,0.0,0.0
2.1814963817596436,0,0.0,0.0,0.0
2.1896238327026367,0,0.0,0.0,0.0
2.203996181488037,0,0.0,0.0,0.0
2.2132797241210938,0,0.0,0.0,0.0
2.2204229831695557,0,0.0,0.0,0.0
2.235074281692505,0,0.0,0.0,0.0
2.2432737350463867,0,0.0,0.0,0.0
2.2509522438049316,0,0.0,0.0,0.0
2.264848470687866,0,0.0,0.0,0.0
2.2750742435455322,0,0.0,0.0,0.0
2.283207416534424,0,0.0,0.0,0.0
2.2894022464752197,0,0.0,0.0,0.0
2.304992437362671,0,0.0,0.0,0.0
2.314300775527954,0,0.0,0.0,0.0
2.324558734893799,0,0.0,0.0,0.0
2.334385871887207,0,0.0,0.0,0.0
2.342108964920044,0,0.0,0.0,0.0
2.3497655391693115,0,0.0,0.0,0.0
2.364910125732422,0,0.0,0.0,0.0
2.3739023208618164,0,0.0,0.0,0.0
2.380932092666626,0,0.0,0.0,0.0
2.3899848461151123,0,0.0,0.0,0.0
2.3983922004699707,0,0.0,0.0,0.0
2.411360263824463,0,0.0,0.0,0.0
2.425309896469116,0,0.0,0.0,0.0
2.433311700820923,0,0.0,0.0,0.0
2.4419164657592773,0,0.0,0.0,0.0
2.44956636428833,0,0.0,0.0,0.0
2.465158462524414,0,0.0,0.0,0.0
2.472646474838257,0,0.0,0.0,0.0
2.4812729358673096,0,0.0,0.0,0.0
2.4880754947662354,0,0.0,0.0,0.0
2.5033726692199707,0,0.0,0.0,0.0
2.515087127685547,0,0.0,0.0,0.0
2.5252439975738525,0,0.0,0.0,0.0
2.5340652465820312,0,0.0,0.0,0.0
2.5427210330963135,0,0.0,0.0,0.0
2.5551085472106934,0,0.0,0.0,0.0
2.5645408630371094,0,0.0,0.0,0.0
2.573557138442993,0,0.0,0.0,0.0
2.581050395965576,0,0.0,0.0,0.0
2.594316244125366,0,0.0,0.0,0.0
2.6030991077423096,0,0.0,0.0,0.0
2.6118574142456055,0,0.0,0.0,0.0
2.6185033321380615,0,0.0,0.0,0.0
2.633759021759033,0,0.0,0.0,0.0
2.6417763233184814,0,0.0,0.0,0.0
2.6491425037384033,0,0.0,0.0,0.0
2.664471387863159,0,0.0,0.0,0.0
2.6732280254364014,0,0.0,0.0,0.0
2.681969404220581,0,0.0,0.0,0.0
2.6941769123077393,0,0.0,0.0,0.0
2.7049930095672607,0,0.0,0.0,0.0
2.715118408203125,0,0.0,0.0,0.0
2.725130796432495,0,0.0,0.0,0.0
2.735024929046631,0,0.0,0.0,0.0
2.741201877593994,0,0.0,0.0,0.0
2.754727840423584,0,0.0,0.0,0.0
2.764662265777588,0,0.0,0.0,0.0
2.772897243499756,0,0.0,0.0,0.0
2.7817676067352295,0,0.0,0.0,0.0
2.7948524951934814,0,0.0,0.0,0.0
2.8035643100738525,0,0.0,0.0,0.0
2.8149683475494385,0,0.0,0.0,0.0
2.824841022491455,0,0.0,0.0,0.0
2.833360433578491,0,0.0,0.0,0.0
2.8422372341156006,0,0.0,0.0,0.0
2.848121404647827,0,0.0,0.0,0.0
2.865017890930176,0,0.0,0.0,0.0
2.871650457382202,0,0.0,0.0,0.0
2.8811371326446533,0,0.0,0.0,0.0
2.894637107849121,0,0.0,0.0,0.0
2.9036948680877686,0,0.0,0.0,0.0
2.9142043590545654,0,0.0,0.0,0.0
2.9244160652160645,0,0.0,0.0,0.0
2.9333903789520264,0,0.0,0.0,0.0
2.9451253414154053,0,0.0,0.0,0.0
2.9548146724700928,0,0.0,0.0,0.0
2.964632511138916,0,0.0,0.0,0.0
2.9724960327148438,0,0.0,0.0,0.0
2.9806127548217773,0,0.0,0.0,0.0
2.9944908618927,0,0.0,0.0,0.0
3.0035109519958496,0,0.0,0.0,0.0
3.0147945880889893,0,0.0,0.0,0.0
3.025200843811035,0,0.0,0.0,0.0
3.0328872203826904,0,0.0,0.0,0.0
3.0426723957061768,0,0.0,0.0,0.0
3.049069881439209,0,0.0,0.0,0.0
3.0637693405151367,0,0.0,0.0,0.0
3.072282552719116,0,0.0,0.0,0.0
3.0813307762145996,0,0.0,0.0,0.0
3.095309257507324,0,0.0,0.0,0.0
3.10298228263855,0,0.0,0.0,0.0
3.1145901679992676,0,0.0,0.0,0.0
3.1251089572906494,0,0.0,0.0,0.0
3.1336328983306885,0,0.0,0.0,0.0
3.140418767929077,0,0.0,0.0,0.0
3.1547024250030518,0,0.0,0.0,0.0
3.163975477218628,0,0.0,0.0,0.0
3.1741607189178467,0,0.0,0.0,0.0
3.1851084232330322,0,0.0,0.0,0.0
3.1950690746307373,0,0.0,0.0,0.0
3.2052738666534424,0,0.0,0.0,0.0
3.2146542072296143,0,0.0,0.0,0.0
3.225003480911255,0,0.0,0.0,0.0
3.23183536529541,0,0.0,0.0,0.0
3.2409842014312744,0,0.0,0.0,0.0
3.2463297843933105,0,0.0,0.0,0.0
3.2563300132751465,0,0.0,0.0,0.0
3.266329526901245,0,0.0,0.0,0.0
3.278411388397217,0,0.0,0.0,0.0
3.295165777206421,0,0.0,0.0,0.0
3.3050286769866943,0,0.0,0.0,0.0
3.315035820007324,0,0.0,0.0,0.0
3.3165090084075928,0,0.0,0.0,0.0
3.332723379135132,0,0.0,0.0,0.0
3.3427608013153076,0,0.0,0.0,0.0
3.3527610301971436,0,0.0,0.0,0.0
3.364837169647217,0,0.0,0.0,0.0
3.374518632888794,0,0.0,0.0,0.0
3.3820791244506836,0,0.0,0.0,0.0
3.390089988708496,0,0.0,0.0,0.0
3.397289276123047,0,0.0,0.0,0.0
3.4139468669891357,0,0.0,0.0,0.0
3.416152238845825,0,0.0,0.0,0.0
3.4315266609191895,0,0.0,0.0,0.0
3.4415669441223145,0,0.0,0.0,0.0
3.451568365097046,0,0.0,0.0,0.0
3.462656259536743,0,0.0,0.0,0.0
3.472698211669922,0,0.0,0.0,0.0
3.4843931198120117,0,0.0,0.0,0.0
3.486387014389038,0,0.0,0.0,0.0
3.496392250061035,0,0.0,0.0,0.0
3.508401393890381,0,0.0,0.0,0.0
3.518409490585327,0,0.0,0.0,0.0
3.5314862728118896,0,0.0,0.0,0.0
3.541494846343994,0,0.0,0.0,0.0
3.5514962673187256,0,0.0,0.0,0.0
3.561495304107666,0,0.0,0.0,0.0
3.5746848583221436,0,0.0,0.0,0.0
3.584944725036621,0,0.0,0.0,0.0
3.5883190631866455,0,0.0,0.0,0.0
3.6006319522857666,0,0.0,0.0,0.0
3.614614725112915,0,0.0,0.0,0.0
3.6246490478515625,0,0.0,0.0,0.0
3.6310110092163086,0,0.0,0.0,0.0
3.6391096115112305,0,0.0,0.0,0.0
3.64700984954834,0,0.0,0.0,0.0
3.6571054458618164,0,0.0,0.0,0.0
3.6671061515808105,0,0.0,0.0,0.0
3.6771063804626465,0,0.0,0.0,0.0
3.69492244720459,0,0.0,0.0,0.0
3.7049388885498047,0,0.0,0.0,0.0
3.714953899383545,0,0.0,0.0,0.0
3.7249348163604736,0,0.0,0.0,0.0
3.7349355220794678,0,0.0,0.0,0.0
3.7449355125427246,0,0.0,0.0,0.0
3.7462656497955322,0,0.0,0.0,0.0
3.756277322769165,0,0.0,0.0,0.0
3.766279697418213,0,0.0,0.0,0.0
3.776277542114258,0,0.0,0.0,0.0
3.794945001602173,0,0.0,0.0,0.0
3.7988088130950928,0,0.0,0.0,0.0
3.8134477138519287,0,0.0,0.0,0.0
3.821450710296631,0,0.0,0.0,0.0
3.8298163414001465,0,0.0,0.0,0.0
3.837813377380371,0,0.0,0.0,0.0
3.8480348587036133,0,0.0,0.0,0.0
3.8580305576324463,0,0.0,0.0,0.0
3.8680307865142822,0,0.0,0.0,0.0
3.8812835216522217,0,0.0,0.0,0.0
3.8912956714630127,0,0.0,0.0,0.0
3.901296377182007,0,0.0,0.0,0.0
3.9112961292266846,0,0.0,0.0,0.0
3.924945116043091,0,0.0,0.0,0.0
3.9349777698516846,0,0.0,0.0,0.0
3.944959878921509,0,0.0,0.0,0.0
3.9479482173919678,0,0.0,0.0,0.0
3.9579551219940186,0,0.0,0.0,0.0
3.96795654296875,0,0.0,0.0,0.0
3.984506607055664,0,0.0,0.0,0.0
3.9901554584503174,0,0.0,0.0,0.0
4.00440239906311,0,0.0,0.0,0.0
4.014837741851807,0,0.0,0.0,0.0
4.025104999542236,0,0.0,0.0,0.0
4.031871318817139,0,0.0,0.0,0.0
4.042053937911987,0,0.0,0.0,0.0
4.04717230796814,0,0.0,0.0,0.0
4.057184934616089,0,0.0,0.0,0.0
4.067185878753662,0,0.0,0.0,0.0
4.077185153961182,0,0.0,0.0,0.0
4.087195873260498,0,0.0,0.0,0.0
4.097186088562012,0,0.0,0.0,0.0
4.107185363769531,0,0.0,0.0,0.0
4.117185592651367,0,0.0,0.0,0.0
4.1271867752075195,0,0.0,0.0,0.0
4.137185573577881,0,0.0,0.0,0.0
4.147186279296875,0,0.0,0.0,0.0
4.157186269760132,0,0.0,0.0,0.0
4.167186975479126,0,0.0,0.0,0.0
4.177185297012329,0,0.0,0.0,0.0
4.189432144165039,0,0.0,0.0,0.0
4.197883367538452,0,0.0,0.0,0.0
4.214878797531128,0,0.0,0.0,0.0
4.22493839263916,0,0.0,0.0,0.0
4.232829570770264,0,0.0,0.0,0.0
4.24105167388916,0,0.0,0.0,0.0
4.2474446296691895,0,0.0,0.0,0.0
4.264745712280273,0,0.0,0.0,0.0
4.265738248825073,0,0.0,0.0,0.0
4.275745630264282,0,0.0,0.0,0.0
4.285761594772339,0,0.0,0.0,0.0
4.2957444190979,0,0.0,0.0,0.0
4.305747032165527,0,0.0,0.0,0.0
4.315745115280151,0,0.0,0.0,0.0
4.330097675323486,0,0.0,0.0,0.0
4.341022253036499,0,0.0,0.0,0.0
4.351023197174072,0,0.0,0.0,0.0
4.361023426055908,0,0.0,0.0,0.0
4.3710243701934814,0,0.0,0.0,0.0
4.384942054748535,0,0.0,0.0,0.0
4.394956350326538,0,0.0,0.0,0.0
4.404955148696899,0,0.0,0.0,0.0
4.414955139160156,0,0.0,0.0,0.0
4.4250428676605225,0,0.0,0.0,0.0
4.434805631637573,0,0.0,0.0,0.0
4.444458484649658,0,0.0,0.0,0.0
4.448416471481323,0,0.0,0.0,0.0
4.464055061340332,0,0.0,0.0,0.0
4.472069978713989,0,0.0,0.0,0.0
4.481111288070679,0,0.0,0.0,0.0
4.494919776916504,0,0.0,0.0,0.0
4.504932641983032,0,0.0,0.0,0.0
4.514928579330444,0,0.0,0.0,0.0
4.524932861328125,0,0.0,0.0,0.0
4.534933567047119,0,0.0,0.0,0.0
4.544928073883057,0,0.0,0.0,0.0
4.546778440475464,0,0.0,0.0,0.0
4.5576417446136475,0,0.0,0.0,0.0
4.567641258239746,0,0.0,0.0,0.0
4.577641725540161,0,0.0,0.0,0.0
4.587641000747681,0,0.0,0.0,0.0
4.59970498085022,0,0.0,0.0,0.0
4.609720230102539,0,0.0,0.0,0.0
4.619720697402954,0,0.0,0.0,0.0
4.629720449447632,0,0.0,0.0,0.0
4.6423866748809814,0,0.0,0.0,0.0
4.654979467391968,0,0.0,0.0,0.0
4.66506290435791,0,0.0,0.0,0.0
4.674057960510254,0,0.0,0.0,0.0
4.680703401565552,0,0.0,0.0,0.0
4.688732385635376,0,0.0,0.0,0.0
4.696779012680054,0,0.0,0.0,0.0
4.714921712875366,0,0.0,0.0,0.0
4.724931240081787,0,0.0,0.0,0.0
4.734933853149414,0,0.0,0.0,0.0
4.744934320449829,0,0.0,0.0,0.0
4.754935026168823,0,0.0,0.0,0.0
4.76493501663208,0,0.0,0.0,0.0
4.765143394470215,0,0.0,0.0,0.0
4.776098728179932,0,0.0,0.0,0.0
4.7860894203186035,0,0.0,0.0,0.0
4.796088933944702,0,0.0,0.0,0.0
4.806091070175171,0,0.0,0.0,0.0
4.816089630126953,0,0.0,0.0,0.0
4.826089143753052,0,0.0,0.0,0.0
4.836102247238159,0,0.0,0.0,0.0
4.854714870452881,0,0.0,0.0,0.0
4.86430811882019,0,0.0,0.0,0.0
4.873343229293823,0,0.0,0.0,0.0
4.881854057312012,0,0.0,0.0,0.0
4.8898608684539795,0,0.0,0.0,0.0
4.897107839584351,0,0.0,0.0,0.0
4.907122611999512,0,0.0,0.0,0.0
4.924919843673706,0,0.0,0.0,0.0
4.9349329471588135,0,0.0,0.0,0.0
4.94507622718811,0,0.0,0.0,0.0
4.946298360824585,0,0.0,0.0,0.0
4.964718580245972,0,0.0,0.0,0.0
4.965715646743774,0,0.0,0.0,0.0
4.97572135925293,0,0.0,0.0,0.0
4.985723495483398,0,0.0,0.0,0.0
4.9957215785980225,0,0.0,0.0,0.0
5.005906820297241,0,0.0,0.0,0.0
5.016855001449585,0,0.0,0.0,0.0
5.034949541091919,0,0.0,0.0,0.0
5.044962406158447,0,0.0,0.0,0.0
5.054962635040283,0,0.0,0.0,0.0
5.0650718212127686,0,0.0,0.0,0.0
5.074853420257568,0,0.0,0.0,0.0
5.084346532821655,0,0.0,0.0,0.0
5.0933754444122314,0,0.0,0.0,0.0
5.099450349807739,0,0.0,0.0,0.0
5.113632917404175,0,0.0,0.0,0.0
5.123645782470703,0,0.0,0.0,0.0
5.133659601211548,0,0.0,0.0,0.0
5.143646240234375,0,0.0,0.0,0.0
5.153646469116211,0,0.0,0.0,0.0
5.163646697998047,0,0.0,0.0,0.0
5.1736462116241455,0,0.0,0.0,0.0
5.183658838272095,0,0.0,0.0,0.0
5.194711208343506,0,0.0,0.0,0.0
5.197719097137451,0,0.0,0.0,0.0
5.207727670669556,0,0.0,0.0,0.0
5.217729330062866,0,0.0,0.0,0.0
5.22772741317749,0,0.0,0.0,0.0
5.237727880477905,0,0.0,0.0,0.0
5.2489190101623535,0,0.0,0.0,0.0
5.263412237167358,0,0.0,0.0,0.0
5.274945974349976,0,0.0,0.0,0.0
5.284977197647095,0,0.0,0.0,0.0
5.294828176498413,0,0.0,0.0,0.0
5.299169063568115,0,0.0,0.0,0.0
5.313898324966431,0,0.0,0.0,0.0
5.321945667266846,0,0.0,0.0,0.0
5.3309924602508545,0,0.0,0.0,0.0
5.340998888015747,0,0.0,0.0,0.0
5.351001024246216,0,0.0,0.0,0.0
5.361000061035156,0,0.0,0.0,0.0
5.370999574661255,0,0.0,0.0,0.0
5.382071018218994,0,0.0,0.0,0.0
5.392099142074585,0,0.0,0.0,0.0
5.404944896697998,0,0.0,0.0,0.0
5.414957761764526,0,0.0,0.0,0.0
5.424957275390625,0,0.0,0.0,0.0
5.43495774269104,0,0.0,0.0,0.0
5.444957256317139,0,0.0,0.0,0.0
5.446268081665039,0,0.0,0.0,0.0
5.46491551399231,0,0.0,0.0,0.0
5.475095748901367,0,0.0,0.0,0.0
5.4847187995910645,0,0.0,0.0,0.0
5.492077350616455,0,0.0,0.0,0.0
5.498227119445801,0,0.0,0.0,0.0
5.513892412185669,0,0.0,0.0,0.0
5.521908760070801,0,0.0,0.0,0.0
5.529952049255371,0,0.0,0.0,0.0
5.544919013977051,0,0.0,0.0,0.0
5.5549280643463135,0,0.0,0.0,0.0
5.5650315284729,0,0.0,0.0,0.0
5.566028356552124,0,0.0,0.0,0.0
5.576048374176025,0,0.0,0.0,0.0
5.586050271987915,0,0.0,0.0,0.0
5.596048355102539,0,0.0,0.0,0.0
5.606048822402954,0,0.0,0.0,0.0
5.62496280670166,0,0.0,0.0,0.0
5.634975910186768,0,0.0,0.0,0.0
5.64497447013855,0,0.0,0.0,0.0
5.6462202072143555,0,0.0,0.0,0.0
5.656258821487427,0,0.0,0.0,0.0
5.666234970092773,0,0.0,0.0,0.0
5.679682016372681,0,0.0,0.0,0.0
5.689469575881958,0,0.0,0.0,0.0
5.704290866851807,0,0.0,0.0,0.0
5.714795112609863,0,0.0,0.0,0.0
5.722844362258911,0,0.0,0.0,0.0
5.73053765296936,0,0.0,0.0,0.0
5.738553047180176,0,0.0,0.0,0.0
5.74760103225708,0,0.0,0.0,0.0
5.764915227890015,0,0.0,0.0,0.0
5.774928331375122,0,0.0,0.0,0.0
5.784924507141113,0,0.0,0.0,0.0
5.794927597045898,0,0.0,0.0,0.0
5.797565698623657,0,0.0,0.0,0.0
5.814915418624878,0,0.0,0.0,0.0
5.8249287605285645,0,0.0,0.0,0.0
5.834928274154663,0,0.0,0.0,0.0
5.844924449920654,0,0.0,0.0,0.0
5.854966402053833,0,0.0,0.0,0.0
5.864924907684326,0,0.0,0.0,0.0
5.8749189376831055,0,0.0,0.0,0.0
5.884932041168213,0,0.0,0.0,0.0
5.895071744918823,0,0.0,0.0,0.0
5.904844045639038,0,0.0,0.0,0.0
5.914731740951538,0,0.0,0.0,0.0
5.923746824264526,0,0.0,0.0,0.0
5.930161476135254,0,0.0,0.0,0.0
5.9381797313690186,0,0.0,0.0,0.0
5.947881460189819,0,0.0,0.0,0.0
5.958959579467773,0,0.0,0.0,0.0
5.968975067138672,0,0.0,0.0,0.0
5.978970527648926,0,0.0,0.0,0.0
5.988972902297974,0,0.0,0.0,0.0
6.000494480133057,0,0.0,0.0,0.0
6.011675119400024,0,0.0,0.0,0.0
6.0218186378479,0,0.0,0.0,0.0
6.033417224884033,0,0.0,0.0,0.0
6.042719125747681,0,0.0,0.0,0.0
6.054949522018433,0,0.0,0.0,0.0
6.06496262550354,0,0.0,0.0,0.0
6.07496190071106,0,0.0,0.0,0.0
6.084963083267212,0,0.0,0.0,0.0
6.094962120056152,0,0.0,0.0,0.0
6.1050732135772705,0,0.0,0.0,0.0
6.114877462387085,0,0.0,0.0,0.0
6.123102188110352,0,0.0,0.0,0.0
6.131511449813843,0,0.0,0.0,0.0
6.141722202301025,0,0.0,0.0,0.0
6.155120372772217,0,0.0,0.0,0.0
6.164208889007568,0,0.0,0.0,0.0
6.16520619392395,0,0.0,0.0,0.0
6.176278591156006,0,0.0,0.0,0.0
6.187229871749878,0,0.0,0.0,0.0
6.198317289352417,0,0.0,0.0,0.0
6.20835018157959,0,0.0,0.0,0.0
6.218341827392578,0,0.0,0.0,0.0
6.22832989692688,0,0.0,0.0,0.0
6.239748239517212,0,0.0,0.0,0.0
6.251882076263428,0,0.0,0.0,0.0
6.261895179748535,0,0.0,0.0,0.0
6.271899223327637,0,0.0,0.0,0.0
6.28294563293457,0,0.0,0.0,0.0
6.294830560684204,0,0.0,0.0,0.0
6.3044044971466064,0,0.0,0.0,0.0
6.314995765686035,0,0.0,0.0,0.0
6.323284387588501,0,0.0,0.0,0.0
6.331390857696533,0,0.0,0.0,0.0
6.339397668838501,0,0.0,0.0,0.0
6.347425699234009,0,0.0,0.0,0.0
6.363476991653442,0,0.0,0.0,0.0
6.374919414520264,0,0.0,0.0,0.0
6.384945392608643,0,0.0,0.0,0.0
6.394953727722168,0,0.0,0.0,0.0
6.40505051612854,0,0.0,0.0,0.0
6.414559364318848,0,0.0,0.0,0.0
6.41552996635437,0,0.0,0.0,0.0
6.42657732963562,0,0.0,0.0,0.0
6.436583518981934,0,0.0,0.0,0.0
6.447654485702515,0,0.0,0.0,0.0
6.45765233039856,0,0.0,0.0,0.0
6.474944591522217,0,0.0,0.0,0.0
6.484964847564697,0,0.0,0.0,0.0
6.494957447052002,0,0.0,0.0,0.0
6.496403694152832,0,0.0,0.0,0.0
6.513633728027344,0,0.0,0.0,0.0
6.524425983428955,0,0.0,0.0,0.0
6.531836986541748,0,0.0,0.0,0.0
6.539849758148193,0,0.0,0.0,0.0
6.555083990097046,0,0.0,0.0,0.0
6.565188407897949,0,0.0,0.0,0.0
6.565188407897949,0,0.0,0.0,0.0
6.5762693881988525,0,0.0,0.0,0.0
6.586275577545166,0,0.0,0.0,0.0
6.596277475357056,0,0.0,0.0,0.0
6.606276750564575,0,0.0,0.0,0.0
6.616276502609253,0,0.0,0.0,0.0
6.626296043395996,0,0.0,0.0,0.0
6.636276721954346,0,0.0,0.0,0.0
6.646277189254761,0,0.0,0.0,0.0
6.656275987625122,0,0.0,0.0,0.0
6.666275978088379,0,0.0,0.0,0.0
6.67630410194397,0,0.0,0.0,0.0
6.686277151107788,0,0.0,0.0,0.0
6.696275234222412,0,0.0,0.0,0.0
6.706280469894409,0,0.0,0.0,0.0
6.72448468208313,0,0.0,0.0,0.0
6.734586715698242,0,0.0,0.0,0.0
6.74259352684021,0,0.0,0.0,0.0
6.748079538345337,0,0.0,0.0,0.0
6.764915227890015,0,0.0,0.0,0.0
6.774326801300049,0,0.0,0.0,0.0
6.784928321838379,0,0.0,0.0,0.0
6.794935703277588,0,0.0,0.0,0.0
6.804935693740845,0,0.0,0.0,0.0
6.814938068389893,0,0.0,0.0,0.0
6.818249225616455,0,0.0,0.0,0.0
6.8349151611328125,0,0.0,0.0,0.0
6.84492826461792,0,0.0,0.0,0.0
6.846397399902344,0,0.0,0.0,0.0
6.864914894104004,0,0.0,0.0,0.0
6.874930381774902,0,0.0,0.0,0.0
6.885075330734253,0,0.0,0.0,0.0
6.894919395446777,0,0.0,0.0,0.0
6.90492844581604,0,0.0,0.0,0.0
6.914928436279297,0,0.0,0.0,0.0
6.924931526184082,0,0.0,0.0,0.0
6.935082674026489,0,0.0,0.0,0.0
6.9450342655181885,0,0.0,0.0,0.0
6.95440411567688,0,0.0,0.0,0.0
6.965164422988892,0,0.0,0.0,0.0
6.974151134490967,0,0.0,0.0,0.0
6.984940767288208,0,0.0,0.0,0.0
6.992952108383179,0,0.0,0.0,0.0
7.000991582870483,0,0.0,0.0,0.0
7.014941215515137,0,0.0,0.0,0.0
7.024954319000244,0,0.0,0.0,0.0
7.026199817657471,0,0.0,0.0,0.0
7.036208152770996,0,0.0,0.0,0.0
7.046206712722778,0,0.0,0.0,0.0
7.05620813369751,0,0.0,0.0,0.0
7.06620717048645,0,0.0,0.0,0.0
7.076226234436035,0,0.0,0.0,0.0
7.08620810508728,0,0.0,0.0,0.0
7.096206903457642,0,0.0,0.0,0.0
7.1062352657318115,0,0.0,0.0,0.0
7.116207122802734,0,0.0,0.0,0.0
7.126206636428833,0,0.0,0.0,0.0
7.1443703174591064,0,0.0,0.0,0.0
7.154994964599609,0,0.0,0.0,0.0
7.164640665054321,0,0.0,0.0,0.0
7.173694849014282,0,0.0,0.0,0.0
7.180218696594238,0,0.0,0.0,0.0
7.188233137130737,0,0.0,0.0,0.0
7.197326898574829,0,0.0,0.0,0.0
7.207325458526611,0,0.0,0.0,0.0
7.217324733734131,0,0.0,0.0,0.0
7.227324485778809,0,0.0,0.0,0.0
7.237324953079224,0,0.0,0.0,0.0
7.247395753860474,0,0.0,0.0,0.0
7.258375644683838,0,0.0,0.0,0.0
7.274438142776489,0,0.0,0.0,0.0
7.2822184562683105,0,0.0,0.0,0.0
7.292230129241943,0,0.0,0.0,0.0
7.304940938949585,0,0.0,0.0,0.0
7.314953804016113,0,0.0,0.0,0.0
7.324944734573364,0,0.0,0.0,0.0
7.334957838058472,0,0.0,0.0,0.0
7.344955921173096,0,0.0,0.0,0.0
7.3551859855651855,0,0.0,0.0,0.0
7.362315654754639,0,0.0,0.0,0.0
7.374253988265991,0,0.0,0.0,0.0
7.381222248077393,0,0.0,0.0,0.0
7.390233755111694,0,0.0,0.0,0.0
7.400661945343018,0,0.0,0.0,0.0
7.4087066650390625,0,0.0,0.0,0.0
7.416696786880493,0,0.0,0.0,0.0
7.426697731018066,0,0.0,0.0,0.0
7.4366984367370605,0,0.0,0.0,0.0
7.453708648681641,0,0.0,0.0,0.0
7.464693546295166,0,0.0,0.0,0.0
7.474713563919067,0,0.0,0.0,0.0
7.484788179397583,0,0.0,0.0,0.0
7.485787391662598,0,0.0,0.0,0.0
7.501675844192505,0,0.0,0.0,0.0
7.511682748794556,0,0.0,0.0,0.0
7.521866798400879,0,0.0,0.0,0.0
7.534855365753174,0,0.0,0.0,0.0
7.5358521938323975,0,0.0,0.0,0.0
7.554485082626343,0,0.0,0.0,0.0
7.564868450164795,0,0.0,0.0,0.0
7.575032472610474,0,0.0,0.0,0.0
7.581458568572998,0,0.0,0.0,0.0
7.589507818222046,0,0.0,0.0,0.0
7.596533536911011,0,0.0,0.0,0.0
7.614821910858154,0,0.0,0.0,0.0
7.624868631362915,0,0.0,0.0,0.0
7.627626180648804,0,0.0,0.0,0.0
7.637646675109863,0,0.0,0.0,0.0
7.647639274597168,0,0.0,0.0,0.0
7.657639741897583,0,0.0,0.0,0.0
7.667649507522583,0,0.0,0.0,0.0
7.677639722824097,0,0.0,0.0,0.0
7.687639236450195,0,0.0,0.0,0.0
7.697651386260986,0,0.0,0.0,0.0
7.707639694213867,0,0.0,0.0,0.0
7.717639207839966,0,0.0,0.0,0.0
7.727641344070435,0,0.0,0.0,0.0
7.737639665603638,0,0.0,0.0,0.0
7.747638463973999,0,0.0,0.0,0.0
7.763226270675659,0,0.0,0.0,0.0
7.769965887069702,0,0.0,0.0,0.0
7.778846502304077,0,0.0,0.0,0.0
7.7961585521698,0,0.0,0.0,0.0
7.799925804138184,0,0.0,0.0,0.0
7.807937860488892,0,0.0,0.0,0.0
7.8159708976745605,0,0.0,0.0,0.0
7.834918975830078,0,0.0,0.0,0.0
7.84492826461792,0,0.0,0.0,0.0
7.846155166625977,0,0.0,0.0,0.0
7.857131242752075,0,0.0,0.0,0.0
7.86713171005249,0,0.0,0.0,0.0
7.879501104354858,0,0.0,0.0,0.0
7.894951820373535,0,0.0,0.0,0.0
7.904965162277222,0,0.0,0.0,0.0
7.9149651527404785,0,0.0,0.0,0.0
7.924964666366577,0,0.0,0.0,0.0
7.934964895248413,0,0.0,0.0,0.0
7.944964408874512,0,0.0,0.0,0.0
7.946160316467285,0,0.0,0.0,0.0
7.957046031951904,0,0.0,0.0,0.0
7.9718592166900635,0,0.0,0.0,0.0
7.984750032424927,0,0.0,0.0,0.0
7.98958158493042,0,0.0,0.0,0.0
7.997751951217651,0,0.0,0.0,0.0
8.013079166412354,0,0.0,0.0,0.0
8.021097898483276,0,0.0,0.0,0.0
8.034940958023071,0,0.0,0.0,0.0
8.044952154159546,0,0.0,0.0,0.0
8.04529333114624,0,0.0,0.0,0.0
8.056278705596924,0,0.0,0.0,0.0
8.066305160522461,0,0.0,0.0,0.0
8.076277732849121,0,0.0,0.0,0.0
8.086279392242432,0,0.0,0.0,0.0
8.096279382705688,0,0.0,0.0,0.0
8.10627794265747,0,0.0,0.0,0.0
8.124944925308228,0,0.0,0.0,0.0
8.134957790374756,0,0.0,0.0,0.0
8.1449716091156,0,0.0,0.0,0.0
8.154958248138428,0,0.0,0.0,0.0
8.16495680809021,0,0.0,0.0,0.0
8.175048112869263,0,0.0,0.0,0.0
8.179457664489746,0,0.0,0.0,0.0
8.189481496810913,0,0.0,0.0,0.0
8.204631805419922,0,0.0,0.0,0.0
8.214691877365112,0,0.0,0.0,0.0
8.22288966178894,0,0.0,0.0,0.0
8.230041027069092,0,0.0,0.0,0.0
8.238055944442749,0,0.0,0.0,0.0
8.246096134185791,0,0.0,0.0,0.0
8.257077932357788,0,0.0,0.0,0.0
8.267078638076782,0,0.0,0.0,0.0
8.277078628540039,0,0.0,0.0,0.0
8.287078857421875,0,0.0,0.0,0.0
8.298145294189453,0,0.0,0.0,0.0
8.308144092559814,0,0.0,0.0,0.0
8.324945211410522,0,0.0,0.0,0.0
8.334958553314209,0,0.0,0.0,0.0
8.344956636428833,0,0.0,0.0,0.0
8.354958295822144,0,0.0,0.0,0.0
8.3649582862854,0,0.0,0.0,0.0
8.374957799911499,0,0.0,0.0,0.0
8.385088205337524,0,0.0,0.0,0.0
8.393954515457153,0,0.0,0.0,0.0
8.405041694641113,0,0.0,0.0,0.0
8.414329767227173,0,0.0,0.0,0.0
8.423344373703003,0,0.0,0.0,0.0
8.42897081375122,0,0.0,0.0,0.0
8.444980144500732,0,0.0,0.0,0.0
8.453007936477661,0,0.0,0.0,0.0
8.463009119033813,0,0.0,0.0,0.0
8.473022699356079,0,0.0,0.0,0.0
8.483021259307861,0,0.0,0.0,0.0
8.49300742149353,0,0.0,0.0,0.0
8.503010272979736,0,0.0,0.0,0.0
8.514914989471436,0,0.0,0.0,0.0
8.524923324584961,0,0.0,0.0,0.0
8.534924030303955,0,0.0,0.0,0.0
8.544923543930054,0,0.0,0.0,0.0
8.554929971694946,0,0.0,0.0,0.0
8.564927816390991,0,0.0,0.0,0.0
8.574914693832397,0,0.0,0.0,0.0
8.584953308105469,0,0.0,0.0,0.0
8.595017433166504,0,0.0,0.0,0.0
8.604615926742554,0,0.0,0.0,0.0
8.614169836044312,0,0.0,0.0,0.0
8.623188495635986,0,0.0,0.0,0.0
8.631086587905884,0,0.0,0.0,0.0
8.639262676239014,0,0.0,0.0,0.0
8.647382497787476,0,0.0,0.0,0.0
8.664950370788574,0,0.0,0.0,0.0
8.674964427947998,0,0.0,0.0,0.0
8.684961080551147,0,0.0,0.0,0.0
8.694964408874512,0,0.0,0.0,0.0
8.704963684082031,0,0.0,0.0,0.0
8.714963912963867,0,0.0,0.0,0.0
8.72497296333313,0,0.0,0.0,0.0
8.73496413230896,0,0.0,0.0,0.0
8.744962692260742,0,0.0,0.0,0.0
8.75494122505188,0,0.0,0.0,0.0
8.764954805374146,0,0.0,0.0,0.0
8.774955987930298,0,0.0,0.0,0.0
8.784950733184814,0,0.0,0.0,0.0
8.794953107833862,0,0.0,0.0,0.0
8.805097818374634,0,0.0,0.0,0.0
8.812049627304077,0,0.0,0.0,0.0
8.824044227600098,0,0.0,0.0,0.0
8.834914922714233,0,0.0,0.0,0.0
8.84292483329773,0,0.0,0.0,0.0
8.854721546173096,0,0.0,0.0,0.0
8.862761735916138,0,0.0,0.0,0.0
8.872763872146606,0,0.0,0.0,0.0
8.885144233703613,0,0.0,0.0,0.0
8.895150899887085,0,0.0,0.0,0.0
8.905150651931763,0,0.0,0.0,0.0
8.906277179718018,0,0.0,0.0,0.0
8.916330337524414,0,0.0,0.0,0.0
8.935131072998047,0,0.0,0.0,0.0
8.945137977600098,0,0.0,0.0,0.0
8.95516586303711,0,0.0,0.0,0.0
8.965136766433716,0,0.0,0.0,0.0
8.975137710571289,0,0.0,0.0,0.0
8.980318307876587,0,0.0,0.0,0.0
8.995002269744873,0,0.0,0.0,0.0
9.00501036643982,0,0.0,0.0,0.0
9.015142440795898,0,0.0,0.0,0.0
9.018697261810303,0,0.0,0.0,0.0
9.034521102905273,0,0.0,0.0,0.0
9.045331478118896,0,0.0,0.0,0.0
9.048616170883179,0,0.0,0.0,0.0
9.063180208206177,0,0.0,0.0,0.0
9.071228265762329,0,0.0,0.0,0.0
9.08031940460205,0,0.0,0.0,0.0
9.095208883285522,0,0.0,0.0,0.0
9.105218887329102,0,0.0,0.0,0.0
9.115235805511475,0,0.0,0.0,0.0
9.125378370285034,0,0.0,0.0,0.0
9.12637448310852,0,0.0,0.0,0.0
9.136482000350952,0,0.0,0.0,0.0
9.146482229232788,0,0.0,0.0,0.0
9.159515142440796,0,0.0,0.0,0.0
9.169531106948853,0,0.0,0.0,0.0
9.17953109741211,0,0.0,0.0,0.0
9.189533948898315,0,0.0,0.0,0.0
9.205274820327759,0,0.0,0.0,0.0
9.215281248092651,0,0.0,0.0,0.0
9.225507974624634,0,0.0,0.0,0.0
9.228255987167358,0,0.0,0.0,0.0
9.241296768188477,0,0.0,0.0,0.0
9.254597187042236,0,0.0,0.0,0.0
9.263183355331421,0,0.0,0.0,0.0
9.27329158782959,0,0.0,0.0,0.0
9.280854225158691,0,0.0,0.0,0.0
9.295193433761597,0,0.0,0.0,0.0
9.305113792419434,0,0.0,0.0,0.0
9.315120458602905,0,0.0,0.0,0.0
9.325236320495605,0,0.0,0.0,0.0
9.335287809371948,0,0.0,0.0,0.0
9.33628511428833,0,0.0,0.0,0.0
9.346295356750488,0,0.0,0.0,0.0
9.356293678283691,0,0.0,0.0,0.0
9.36629343032837,0,0.0,0.0,0.0
9.380305767059326,0,0.0,0.0,0.0
9.395124912261963,0,0.0,0.0,0.0
9.405194997787476,0,0.0,0.0,0.0
9.415133237838745,0,0.0,0.0,0.0
9.417567253112793,0,0.0,0.0,0.0
9.43057107925415,0,0.0,0.0,0.0
9.44505786895752,0,0.0,0.0,0.0
9.448990106582642,0,0.0,0.0,0.0
9.465156555175781,0,0.0,0.0,0.0
9.474169731140137,0,0.0,0.0,0.0
9.479464769363403,0,0.0,0.0,0.0
9.495156049728394,0,0.0,0.0,0.0
9.496152400970459,0,0.0,0.0,0.0
9.508745908737183,0,0.0,0.0,0.0
9.51875376701355,0,0.0,0.0,0.0
9.530379295349121,0,0.0,0.0,0.0
9.544970512390137,0,0.0,0.0,0.0
9.555014610290527,0,0.0,0.0,0.0
9.564997673034668,0,0.0,0.0,0.0
9.575001001358032,0,0.0,0.0,0.0
9.584977149963379,0,0.0,0.0,0.0
9.594977378845215,0,0.0,0.0,0.0
9.6050443649292,0,0.0,0.0,0.0
9.615004062652588,0,0.0,0.0,0.0
9.625006675720215,0,0.0,0.0,0.0
9.634977579116821,0,0.0,0.0,0.0
9.64594554901123,0,0.0,0.0,0.0
9.649968385696411,0,0.0,0.0,0.0
9.664546728134155,0,0.0,0.0,0.0
9.668185472488403,0,0.0,0.0,0.0
9.68502163887024,0,0.0,0.0,0.0
9.695210456848145,0,0.0,0.0,0.0
9.698199272155762,0,0.0,0.0,0.0
9.708240985870361,0,0.0,0.0,0.0
9.718238115310669,0,0.0,0.0,0.0
9.728237867355347,0,0.0,0.0,0.0
9.738264322280884,0,0.0,0.0,0.0
9.748237609863281,0,0.0,0.0,0.0
9.758238077163696,0,0.0,0.0,0.0
9.768240928649902,0,0.0,0.0,0.0
9.778236389160156,0,0.0,0.0,0.0
9.788239240646362,0,0.0,0.0,0.0
9.805146932601929,0,0.0,0.0,0.0
9.815155029296875,0,0.0,0.0,0.0
9.825154066085815,0,0.0,0.0,0.0
9.835143327713013,0,0.0,0.0,0.0
9.8451509475708,0,0.0,0.0,0.0
9.855815410614014,0,0.0,0.0,0.0
9.864680528640747,0,0.0,0.0,0.0
9.8734450340271,0,0.0,0.0,0.0
9.88169264793396,0,0.0,0.0,0.0
9.89517068862915,0,0.0,0.0,0.0
9.904611587524414,0,0.0,0.0,0.0
9.912672996520996,0,0.0,0.0,0.0
9.925134420394897,0,0.0,0.0,0.0
9.93514108657837,0,0.0,0.0,0.0
9.94514274597168,0,0.0,0.0,0.0
9.955142498016357,0,0.0,0.0,0.0
9.965141296386719,0,0.0,0.0,0.0
9.975403547286987,0,0.0,0.0,0.0
9.985122442245483,0,0.0,0.0,0.0
9.99513292312622,0,0.0,0.0,0.0
10.00512957572937,0,0.0,0.0,0.0
10.01518726348877,0,0.0,0.0,0.0
10.02520227432251,0,0.0,0.0,0.0
10.03528881072998,0,0.0,0.0,0.0
10.036285877227783,0,0.0,0.0,0.0
10.046341180801392,0,0.0,0.0,0.0
10.061731100082397,0,0.0,0.0,0.0
10.075010776519775,0,0.0,0.0,0.0
10.083167552947998,0,0.0,0.0,0.0
10.095280170440674,0,0.0,0.0,0.0
10.097967386245728,0,0.0,0.0,0.0
10.112869262695312,0,0.0,0.0,0.0
10.122929811477661,0,0.0,0.0,0.0
10.134221315383911,0,0.0,0.0,0.0
10.13634991645813,0,0.0,0.0,0.0
10.146432161331177,0,0.0,0.0,0.0
10.15640902519226,0,0.0,0.0,0.0
10.166408777236938,0,0.0,0.0,0.0
10.179175853729248,0,0.0,0.0,0.0
10.189191341400146,0,0.0,0.0,0.0
10.199192523956299,0,0.0,0.0,0.0
10.20919132232666,0,0.0,0.0,0.0
10.219191312789917,0,0.0,0.0,0.0
10.22919249534607,0,0.0,0.0,0.0
10.239192247390747,0,0.0,0.0,0.0
10.249192953109741,0,0.0,0.0,0.0
10.259191751480103,0,0.0,0.0,0.0
10.269192695617676,0,0.0,0.0,0.0
10.284874439239502,0,0.0,0.0,0.0
10.295347452163696,0,0.0,0.0,0.0
10.29784107208252,0,0.0,0.0,0.0
10.31265902519226,0,0.0,0.0,0.0
10.320675611495972,0,0.0,0.0,0.0
10.329320669174194,0,0.0,0.0,0.0
10.345151424407959,0,0.0,0.0,0.0
10.34615182876587,0,0.0,0.0,0.0
10.356167316436768,0,0.0,0.0,0.0
10.36616563796997,0,0.0,0.0,0.0
10.376166582107544,0,0.0,0.0,0.0
10.386166095733643,0,0.0,0.0,0.0
10.396284818649292,0,0.0,0.0,0.0
10.40837287902832,0,0.0,0.0,0.0
10.418419599533081,0,0.0,0.0,0.0
10.42841911315918,0,0.0,0.0,0.0
10.438419580459595,0,0.0,0.0,0.0
10.448420524597168,0,0.0,0.0,0.0
10.465181112289429,0,0.0,0.0,0.0
10.4744553565979,0,0.0,0.0,0.0
10.484471082687378,0,0.0,0.0,0.0
10.494579076766968,0,0.0,0.0,0.0
10.504845142364502,0,0.0,0.0,0.0
10.515058279037476,0,0.0,0.0,0.0
10.523092269897461,0,0.0,0.0,0.0
10.52928352355957,0,0.0,0.0,0.0
10.545211791992188,0,0.0,0.0,0.0
10.54643988609314,0,0.0,0.0,0.0
10.565234661102295,0,0.0,0.0,0.0
10.574596643447876,0,0.0,0.0,0.0
10.584643602371216,0,0.0,0.0,0.0
10.594609498977661,0,0.0,0.0,0.0
10.604608058929443,0,0.0,0.0,0.0
10.614646434783936,0,0.0,0.0,0.0
10.624675750732422,0,0.0,0.0,0.0
10.634634494781494,0,0.0,0.0,0.0
10.637571573257446,0,0.0,0.0,0.0
10.647615909576416,0,0.0,0.0,0.0
10.657615184783936,0,0.0,0.0,0.0
10.667616605758667,0,0.0,0.0,0.0
10.677615404129028,0,0.0,0.0,0.0
10.687615156173706,0,0.0,0.0,0.0
10.704527378082275,0,0.0,0.0,0.0
10.714943408966064,0,0.0,0.0,0.0
10.724860668182373,0,0.0,0.0,0.0
10.729249954223633,0,0.0,0.0,0.0
10.745259046554565,0,0.0,0.0,0.0
10.746090650558472,0,0.0,0.0,0.0
10.757033109664917,0,0.0,0.0,0.0
10.767033815383911,0,0.0,0.0,0.0
10.777032613754272,0,0.0,0.0,0.0
10.78703260421753,0,0.0,0.0,0.0
10.79703402519226,0,0.0,0.0,0.0
10.807034015655518,0,0.0,0.0,0.0
10.817032098770142,0,0.0,0.0,0.0
10.829037189483643,0,0.0,0.0,0.0
10.83915901184082,0,0.0,0.0,0.0
10.855319738388062,0,0.0,0.0,0.0
10.865326881408691,0,0.0,0.0,0.0
10.875365734100342,0,0.0,0.0,0.0
10.885341167449951,0,0.0,0.0,0.0
10.885341167449951,0,0.0,0.0,0.0
10.905351638793945,0,0.0,0.0,0.0
10.915352821350098,0,0.0,0.0,0.0
10.924369812011719,0,0.0,0.0,0.0
10.93147349357605,0,0.0,0.0,0.0
10.944974422454834,0,0.0,0.0,0.0
10.954401969909668,0,0.0,0.0,0.0
10.96265721321106,0,0.0,0.0,0.0
10.97269606590271,0,0.0,0.0,0.0
10.985370635986328,0,0.0,0.0,0.0
10.985370635986328,0,0.0,0.0,0.0
11.00537633895874,0,0.0,0.0,0.0
11.015173435211182,0,0.0,0.0,0.0
11.016168594360352,0,0.0,0.0,0.0
11.035217761993408,0,0.0,0.0,0.0
11.04506540298462,0,0.0,0.0,0.0
11.055074214935303,0,0.0,0.0,0.0
11.065296173095703,0,0.0,0.0,0.0
11.075335264205933,0,0.0,0.0,0.0
11.085302591323853,0,0.0,0.0,0.0
11.094835042953491,0,0.0,0.0,0.0
11.104872465133667,0,0.0,0.0,0.0
11.114946603775024,0,0.0,0.0,0.0
11.124847888946533,0,0.0,0.0,0.0
11.135173082351685,0,0.0,0.0,0.0
11.145220279693604,0,0.0,0.0,0.0
11.149081945419312,0,0.0,0.0,0.0
11.163938283920288,0,0.0,0.0,0.0
11.171943664550781,0,0.0,0.0,0.0
11.179150581359863,0,0.0,0.0,0.0
11.194997072219849,0,0.0,0.0,0.0
11.195995807647705,0,0.0,0.0,0.0
11.215322017669678,0,0.0,0.0,0.0
11.225330352783203,0,0.0,0.0,0.0
11.235329151153564,0,0.0,0.0,0.0
11.235329151153564,0,0.0,0.0,0.0
11.25532841682434,0,0.0,0.0,0.0
11.26532793045044,0,0.0,0.0,0.0
11.275327920913696,0,0.0,0.0,0.0
11.2855863571167,0,0.0,0.0,0.0
11.28658151626587,0,0.0,0.0,0.0
11.305304765701294,0,0.0,0.0,0.0
11.315326452255249,0,0.0,0.0,0.0
11.325311660766602,0,0.0,0.0,0.0
11.326619863510132,0,0.0,0.0,0.0
11.344334125518799,0,0.0,0.0,0.0
11.348671674728394,0,0.0,0.0,0.0
11.36530351638794,0,0.0,0.0,0.0
11.373310565948486,0,0.0,0.0,0.0
11.379122972488403,0,0.0,0.0,0.0
11.389140367507935,0,0.0,0.0,0.0
11.405317068099976,0,0.0,0.0,0.0
11.415323972702026,0,0.0,0.0,0.0
11.42532467842102,0,0.0,0.0,0.0
11.435323238372803,0,0.0,0.0,0.0
11.435323238372803,0,0.0,0.0,0.0
11.455323934555054,0,0.0,0.0,0.0
11.45647644996643,0,0.0,0.0,0.0
11.466521739959717,0,0.0,0.0,0.0
11.485192775726318,0,0.0,0.0,0.0
11.494965314865112,0,0.0,0.0,0.0
11.505091428756714,0,0.0,0.0,0.0
11.514972925186157,0,0.0,0.0,0.0
11.517599105834961,0,0.0,0.0,0.0
11.528972864151001,0,0.0,0.0,0.0
11.539095401763916,0,0.0,0.0,0.0
11.554849863052368,0,0.0,0.0,0.0
11.562919855117798,0,0.0,0.0,0.0
11.570957899093628,0,0.0,0.0,0.0
11.582519292831421,0,0.0,0.0,0.0
11.595049619674683,0,0.0,0.0,0.0
11.601569414138794,0,0.0,0.0,0.0
11.61266565322876,0,0.0,0.0,0.0
11.625253200531006,0,0.0,0.0,0.0
11.635260820388794,0,0.0,0.0,0.0
11.635260820388794,0,0.0,0.0,0.0
11.655261278152466,0,0.0,0.0,0.0
11.665260791778564,0,0.0,0.0,0.0
11.675261735916138,0,0.0,0.0,0.0
11.685270071029663,0,0.0,0.0,0.0
11.685270071029663,0,0.0,0.0,0.0
11.705353736877441,0,0.0,0.0,0.0
11.706349611282349,0,0.0,0.0,0.0
11.722872495651245,0,0.0,0.0,0.0
11.732885122299194,0,0.0,0.0,0.0
11.744719505310059,0,0.0,0.0,0.0
11.75475788116455,0,0.0,0.0,0.0
11.764896869659424,0,0.0,0.0,0.0
11.77486252784729,0,0.0,0.0,0.0
11.781205415725708,0,0.0,0.0,0.0
11.79528260231018,0,0.0,0.0,0.0
11.804455518722534,0,0.0,0.0,0.0
11.813554048538208,0,0.0,0.0,0.0
11.823659420013428,0,0.0,0.0,0.0
11.835373878479004,0,0.0,0.0,0.0
11.835373878479004,0,0.0,0.0,0.0
11.85537838935852,0,0.0,0.0,0.0
11.856534957885742,0,0.0,0.0,0.0
11.866536140441895,0,0.0,0.0,0.0
11.876537561416626,0,0.0,0.0,0.0
11.894697904586792,0,0.0,0.0,0.0
11.904855251312256,0,0.0,0.0,0.0
11.914863586425781,0,0.0,0.0,0.0
11.91685700416565,0,0.0,0.0,0.0
11.926873922348022,0,0.0,0.0,0.0
11.936874151229858,0,0.0,0.0,0.0
11.955311059951782,0,0.0,0.0,0.0
11.9653160572052,0,0.0,0.0,0.0
11.975421667098999,0,0.0,0.0,0.0
11.983130693435669,0,0.0,0.0,0.0
11.994598865509033,0,0.0,0.0,0.0
12.007055521011353,0,0.0,0.0,0.0
12.011557817459106,0,0.0,0.0,0.0
12.019558668136597,0,0.0,0.0,0.0
12.035118818283081,0,0.0,0.0,0.0
12.04467511177063,0,0.0,0.0,0.0
12.051046371459961,0,0.0,0.0,0.0
12.06520938873291,0,0.0,0.0,0.0
12.074116230010986,0,0.0,0.0,0.0
12.081789016723633,0,0.0,0.0,0.0
12.095008850097656,0,0.0,0.0,0.0
12.104830503463745,0,0.0,0.0,0.0
12.114100456237793,0,0.0,0.0,0.0
12.121277570724487,0,0.0,0.0,0.0
12.134831666946411,0,0.0,0.0,0.0
12.145104169845581,0,0.0,0.0,0.0
12.151002883911133,0,0.0,0.0,0.0
12.165194511413574,0,0.0,0.0,0.0
12.174328565597534,0,0.0,0.0,0.0
12.185048341751099,0,0.0,0.0,0.0
12.194722890853882,0,0.0,0.0,0.0
12.204638957977295,0,0.0,0.0,0.0
12.214317321777344,0,0.0,0.0,0.0
12.225143909454346,0,0.0,0.0,0.0
12.234301090240479,0,0.0,0.0,0.0
12.244641065597534,0,0.0,0.0,0.0
12.251383543014526,0,0.0,0.0,0.0
12.26415491104126,0,0.0,0.0,0.0
12.27493929862976,0,0.0,0.0,0.0
12.283684968948364,0,0.0,0.0,0.0
12.294731616973877,0,0.0,0.0,0.0
12.3043851852417,0,0.0,0.0,0.0
12.31509780883789,0,0.0,0.0,0.0
12.320776224136353,0,0.0,0.0,0.0
12.334133863449097,0,0.0,0.0,0.0
12.34470534324646,0,0.0,0.0,0.0
12.351473808288574,0,0.0,0.0,0.0
12.362163305282593,0,0.0,0.0,0.0
12.37351679801941,0,0.0,0.0,0.0
12.382508516311646,0,0.0,0.0,0.0
12.394534349441528,0,0.0,0.0,0.0
12.404644966125488,0,0.0,0.0,0.0
12.41420316696167,0,0.0,0.0,0.0
12.419555425643921,0,0.0,0.0,0.0
12.435085773468018,0,0.0,0.0,0.0
12.444562435150146,0,0.0,0.0,0.0
12.451305150985718,0,0.0,0.0,0.0
12.465134143829346,0,0.0,0.0,0.0
12.465134143829346,0,0.0,0.0,0.0
12.481160640716553,0,0.0,0.0,0.0
12.491178035736084,0,0.0,0.0,0.0
12.505204916000366,0,0.0,0.0,0.0
12.515239953994751,0,0.0,0.0,0.0
12.525630712509155,0,0.0,0.0,0.0
12.527623653411865,0,0.0,0.0,0.0
12.544264316558838,0,0.0,0.0,0.0
12.554924249649048,0,0.0,0.0,0.0
12.56459665298462,0,0.0,0.0,0.0
12.574899673461914,0,0.0,0.0,0.0
12.580137252807617,0,0.0,0.0,0.0
12.590149641036987,0,0.0,0.0,0.0
12.604045152664185,0,0.0,0.0,0.0
12.614624500274658,0,0.0,0.0,0.0
12.624897480010986,0,0.0,0.0,0.0
12.635010719299316,0,0.0,0.0,0.0
12.644936800003052,0,0.0,0.0,0.0
12.650847911834717,0,0.0,0.0,0.0
12.664665699005127,0,0.0,0.0,0.0
12.674556732177734,0,0.0,0.0,0.0
12.684725761413574,0,0.0,0.0,0.0
12.694503784179688,0,0.0,0.0,0.0
12.70482063293457,0,0.0,0.0,0.0
12.714679479598999,0,0.0,0.0,0.0
12.724614381790161,0,0.0,0.0,0.0
12.73446273803711,0,0.0,0.0,0.0
12.744554042816162,0,0.0,0.0,0.0
12.754842281341553,0,0.0,0.0,0.0
12.764957427978516,0,0.0,0.0,0.0
12.77500605583191,0,0.0,0.0,0.0
12.784952402114868,0,0.0,0.0,0.0
12.795267343521118,0,0.0,0.0,0.0
12.804842710494995,0,0.0,0.0,0.0
12.814744472503662,0,0.0,0.0,0.0
12.818485498428345,0,0.0,0.0,0.0
12.834798574447632,0,0.0,0.0,0.0
12.844765663146973,0,0.0,0.0,0.0
12.854368925094604,0,0.0,0.0,0.0
12.86424970626831,0,0.0,0.0,0.0
12.86670970916748,0,0.0,0.0,0.0
12.88468885421753,0,0.0,0.0,0.0
12.894564867019653,0,0.0,0.0,0.0
12.904404163360596,0,0.0,0.0,0.0
12.914966821670532,0,0.0,0.0,0.0
12.924926280975342,0,0.0,0.0,0.0
12.934953927993774,0,0.0,0.0,0.0
12.944773435592651,0,0.0,0.0,0.0
12.951418161392212,0,0.0,0.0,0.0
12.964996576309204,0,0.0,0.0,0.0
12.9715895652771,0,0.0,0.0,0.0
12.985162734985352,0,0.0,0.0,0.0
12.994706392288208,0,0.0,0.0,0.0
13.004183053970337,0,0.0,0.0,0.0
13.014772176742554,0,0.0,0.0,0.0
13.024726629257202,0,0.0,0.0,0.0
13.034729480743408,0,0.0,0.0,0.0
13.044676780700684,0,0.0,0.0,0.0
13.054778099060059,0,0.0,0.0,0.0
13.065046310424805,0,0.0,0.0,0.0
13.071567296981812,0,0.0,0.0,0.0
13.08512806892395,0,0.0,0.0,0.0
13.094701766967773,0,0.0,0.0,0.0
13.104732513427734,0,0.0,0.0,0.0
13.114912986755371,0,0.0,0.0,0.0
13.121473550796509,0,0.0,0.0,0.0
13.133341312408447,0,0.0,0.0,0.0
13.144720077514648,0,0.0,0.0,0.0
13.155588626861572,0,0.0,0.0,0.0
13.164078950881958,0,0.0,0.0,0.0
13.167393922805786,0,0.0,0.0,0.0
13.180752992630005,0,0.0,0.0,0.0
13.195501804351807,0,0.0,0.0,0.0
13.20456600189209,0,0.0,0.0,0.0
13.214524745941162,0,0.0,0.0,0.0
13.224874496459961,0,0.0,0.0,0.0
13.235351085662842,0,0.0,0.0,0.0
13.24556279182434,0,0.0,0.0,0.0
13.254238367080688,0,0.0,0.0,0.0
13.264899730682373,0,0.0,0.0,0.0
13.274216890335083,0,0.0,0.0,0.0
13.284857034683228,0,0.0,0.0,0.0
13.294494390487671,0,0.0,0.0,0.0
13.304391384124756,0,0.0,0.0,0.0
13.314531326293945,0,0.0,0.0,0.0
13.318318128585815,0,0.0,0.0,0.0
13.334080457687378,0,0.0,0.0,0.0
13.344508171081543,0,0.0,0.0,0.0
13.354152917861938,0,0.0,0.0,0.0
13.364507675170898,0,0.0,0.0,0.0
13.374834060668945,0,0.0,0.0,0.0
13.383683204650879,0,0.0,0.0,0.0
13.394307374954224,0,0.0,0.0,0.0
13.401330709457397,0,0.0,0.0,0.0
13.415000677108765,0,0.0,0.0,0.0
13.418792724609375,0,0.0,0.0,0.0
13.428818225860596,0,0.0,0.0,0.0
13.44910478591919,0,0.0,0.0,0.0
13.454862356185913,0,0.0,0.0,0.0
13.465233325958252,0,0.0,0.0,0.0
13.474318027496338,0,0.0,0.0,0.0
13.484739065170288,0,0.0,0.0,0.0
13.494503259658813,0,0.0,0.0,0.0
13.501173973083496,0,0.0,0.0,0.0
13.515045881271362,0,0.0,0.0,0.0
13.521303176879883,0,0.0,0.0,0.0
13.535135269165039,0,0.0,0.0,0.0
13.544449806213379,0,0.0,0.0,0.0
13.551419973373413,0,0.0,0.0,0.0
13.564699172973633,0,0.0,0.0,0.0
13.57344102859497,0,0.0,0.0,0.0
13.584296941757202,0,0.0,0.0,0.0
13.594616413116455,0,0.0,0.0,0.0
13.604403257369995,0,0.0,0.0,0.0
13.614506006240845,0,0.0,0.0,0.0
13.624243974685669,0,0.0,0.0,0.0
13.633887529373169,0,0.0,0.0,0.0
13.644424438476562,0,0.0,0.0,0.0
13.654256343841553,0,0.0,0.0,0.0
13.665008544921875,0,0.0,0.0,0.0
13.671576261520386,0,0.0,0.0,0.0
13.677969217300415,0,0.0,0.0,0.0
13.695136308670044,0,0.0,0.0,0.0
13.704422950744629,0,0.0,0.0,0.0
13.714072465896606,0,0.0,0.0,0.0
13.723772764205933,0,0.0,0.0,0.0
13.7348792552948,0,0.0,0.0,0.0
13.745274782180786,0,0.0,0.0,0.0
13.754761695861816,0,0.0,0.0,0.0
13.764605283737183,0,0.0,0.0,0.0
13.769074440002441,0,0.0,0.0,0.0
13.784384727478027,0,0.0,0.0,0.0
13.79538083076477,0,0.0,0.0,0.0
13.79989767074585,0,0.0,0.0,0.0
13.815417289733887,0,0.0,0.0,0.0
13.825141429901123,0,0.0,0.0,0.0
13.834369897842407,0,0.0,0.0,0.0
13.84536361694336,0,0.0,0.0,0.0
13.852323055267334,0,0.0,0.0,0.0
13.864070177078247,0,0.0,0.0,0.0
13.869681596755981,0,0.0,0.0,0.0
13.885042905807495,0,0.0,0.0,0.0
13.895342588424683,0,0.0,0.0,0.0
13.902897357940674,0,0.0,0.0,0.0
13.914680242538452,0,0.0,0.0,0.0
13.919889450073242,0,0.0,0.0,0.0
13.935195207595825,0,0.0,0.0,0.0
13.945258140563965,0,0.0,0.0,0.0
13.954576015472412,0,0.0,0.0,0.0
13.964819192886353,0,0.0,0.0,0.0
13.970607042312622,0,0.0,0.0,0.0
13.984742641448975,0,0.0,0.0,0.0
13.995037078857422,0,0.0,0.0,0.0
14.002331495285034,0,0.0,0.0,0.0
14.014259338378906,0,0.0,0.0,0.0
14.024388074874878,0,0.0,0.0,0.0
14.031643867492676,0,0.0,0.0,0.0
14.045096635818481,0,0.0,0.0,0.0
14.054347515106201,0,0.0,0.0,0.0
14.064835548400879,0,0.0,0.0,0.0
14.069238424301147,0,0.0,0.0,0.0
14.083105087280273,0,0.0,0.0,0.0
14.09561276435852,0,0.0,0.0,0.0
14.103355169296265,0,0.0,0.0,0.0
14.11428189277649,0,0.0,0.0,0.0
14.12320852279663,0,0.0,0.0,0.0
14.135227918624878,0,0.0,0.0,0.0
14.145370721817017,0,0.0,0.0,0.0
14.153156757354736,0,0.0,0.0,0.0
14.164441347122192,0,0.0,0.0,0.0
14.168978452682495,0,0.0,0.0,0.0
14.184272766113281,0,0.0,0.0,0.0
14.195692777633667,0,0.0,0.0,0.0
14.202257871627808,0,0.0,0.0,0.0
14.214540243148804,0,0.0,0.0,0.0
14.21553921699524,0,0.0,0.0,0.0
14.234415531158447,0,0.0,0.0,0.0
14.24541687965393,0,0.0,0.0,0.0
14.253376960754395,0,0.0,0.0,0.0
14.264824390411377,0,0.0,0.0,0.0
14.269521951675415,0,0.0,0.0,0.0
14.284985303878784,0,0.0,0.0,0.0
14.295239686965942,0,0.0,0.0,0.0
14.302056074142456,0,0.0,0.0,0.0
14.315065383911133,0,0.0,0.0,0.0
14.323254823684692,0,0.0,0.0,0.0
14.334608316421509,0,0.0,0.0,0.0
14.345350980758667,0,0.0,0.0,0.0
14.3547043800354,0,0.0,0.0,0.0
14.364171981811523,0,0.0,0.0,0.0
14.371971607208252,0,0.0,0.0,0.0
14.384287118911743,0,0.0,0.0,0.0
14.395250082015991,0,0.0,0.0,0.0
14.402661800384521,0,0.0,0.0,0.0
14.414812088012695,0,0.0,0.0,0.0
14.418638467788696,0,0.0,0.0,0.0
14.434672355651855,0,0.0,0.0,0.0
14.445597410202026,0,0.0,0.0,0.0
14.453097105026245,0,0.0,0.0,0.0
14.463886976242065,0,0.0,0.0,0.0
14.46821117401123,0,0.0,0.0,0.0
14.483189344406128,0,0.0,0.0,0.0
14.494292974472046,0,0.0,0.0,0.0
14.501340866088867,0,0.0,0.0,0.0
14.51385235786438,0,0.0,0.0,0.0
14.516432523727417,0,0.0,0.0,0.0
14.534934520721436,0,0.0,0.0,0.0
14.544386386871338,0,0.0,0.0,0.0
14.555049180984497,0,0.0,0.0,0.0
14.564157247543335,0,0.0,0.0,0.0
14.575239419937134,0,0.0,0.0,0.0
14.583248853683472,0,0.0,0.0,0.0
14.595278978347778,0,0.0,0.0,0.0
14.60201621055603,0,0.0,0.0,0.0
14.614818334579468,0,0.0,0.0,0.0
14.621705293655396,0,0.0,0.0,0.0
14.633748292922974,0,0.0,0.0,0.0
14.64546513557434,0,0.0,0.0,0.0
14.653079748153687,0,0.0,0.0,0.0
14.664488792419434,0,0.0,0.0,0.0
14.667480707168579,0,0.0,0.0,0.0
14.684631824493408,0,0.0,0.0,0.0
14.694252729415894,0,0.0,0.0,0.0
14.702096462249756,0,0.0,0.0,0.0
14.713642597198486,0,0.0,0.0,0.0
14.71641755104065,0,0.0,0.0,0.0
14.73149561882019,0,0.0,0.0,0.0
14.747205018997192,0,0.0,0.0,0.0
14.753974437713623,0,0.0,0.0,0.0
14.764268159866333,0,0.0,0.0,0.0
14.773404359817505,0,0.0,0.0,0.0
14.783187866210938,0,0.0,0.0,0.0
14.794827461242676,0,0.0,0.0,0.0
14.802759885787964,0,0.0,0.0,0.0
14.813894987106323,0,0.0,0.0,0.0
14.823283672332764,0,0.0,0.0,0.0
14.833176374435425,0,0.0,0.0,0.0
14.845451831817627,0,0.0,0.0,0.0
14.851258277893066,0,0.0,0.0,0.0
14.863532304763794,0,0.0,0.0,0.0
14.869096994400024,0,0.0,0.0,0.0
14.883787393569946,0,0.0,0.0,0.0
14.894162893295288,0,0.0,0.0,0.0
14.903079509735107,0,0.0,0.0,0.0
14.915077686309814,0,0.0,0.0,0.0
14.921078443527222,0,0.0,0.0,0.0
14.935001611709595,0,0.0,0.0,0.0
14.944209814071655,0,0.0,0.0,0.0
14.95087194442749,0,0.0,0.0,0.0
14.960724353790283,0,0.0,0.0,0.0
14.974401473999023,0,0.0,0.0,0.0
14.983761310577393,0,0.0,0.0,0.0
14.994179487228394,0,0.0,0.0,0.0
15.00354266166687,0,0.0,0.0,0.0
15.013319969177246,0,0.0,0.0,0.0
15.021480083465576,0,0.0,0.0,0.0
15.033518552780151,0,0.0,0.0,0.0
15.044063568115234,0,0.0,0.0,0.0
15.052495956420898,0,0.0,0.0,0.0
15.064254760742188,0,0.0,0.0,0.0
15.073994398117065,0,0.0,0.0,0.0
15.083511114120483,0,0.0,0.0,0.0
15.09408950805664,0,0.0,0.0,0.0
15.10386610031128,0,0.0,0.0,0.0
15.113614797592163,0,0.0,0.0,0.0
15.123798608779907,0,0.0,0.0,0.0
15.133498430252075,0,0.0,0.0,0.0
15.14404010772705,0,0.0,0.0,0.0
15.153461694717407,0,0.0,0.0,0.0
15.164044857025146,0,0.0,0.0,0.0
15.1727774143219,0,0.0,0.0,0.0
15.183817148208618,0,0.0,0.0,0.0
15.192078828811646,0,0.0,0.0,0.0
15.203513860702515,0,0.0,0.0,0.0
15.213595867156982,0,0.0,0.0,0.0
15.223122596740723,0,0.0,0.0,0.0
15.23395323753357,0,0.0,0.0,0.0
15.244070291519165,0,0.0,0.0,0.0
15.253941297531128,0,0.0,0.0,0.0
15.263964414596558,0,0.0,0.0,0.0
15.273195028305054,0,0.0,0.0,0.0
15.283167362213135,0,0.0,0.0,0.0
15.294057130813599,0,0.0,0.0,0.0
15.303955554962158,0,0.0,0.0,0.0
15.313819408416748,0,0.0,0.0,0.0
15.324043989181519,0,0.0,0.0,0.0
15.333118438720703,0,0.0,0.0,0.0
15.344037055969238,0,0.0,0.0,0.0
15.353051900863647,0,0.0,0.0,0.0
15.363613605499268,0,0.0,0.0,0.0
15.372547626495361,0,0.0,0.0,0.0
15.383620500564575,0,0.0,0.0,0.0
15.394169330596924,0,0.0,0.0,0.0
15.401450634002686,0,0.0,0.0,0.0
15.413058519363403,0,0.0,0.0,0.0
15.423482656478882,0,0.0,0.0,0.0
15.433276414871216,0,0.0,0.0,0.0
15.444017887115479,0,0.0,0.0,0.0
15.450682640075684,0,0.0,0.0,0.0
15.464065074920654,0,0.0,0.0,0.0
15.468181848526001,0,0.0,0.0,0.0
15.48352861404419,0,0.0,0.0,0.0
15.494028091430664,0,0.0,0.0,0.0
15.503634452819824,0,0.0,0.0,0.0
15.513813495635986,0,0.0,0.0,0.0
15.521819353103638,0,0.0,0.0,0.0
15.533403158187866,0,0.0,0.0,0.0
15.544029235839844,0,0.0,0.0,0.0
15.55116081237793,0,0.0,0.0,0.0
15.563981056213379,0,0.0,0.0,0.0
15.57355260848999,0,0.0,0.0,0.0
15.583445310592651,0,0.0,0.0,0.0
15.593937635421753,0,0.0,0.0,0.0
15.600660562515259,0,0.0,0.0,0.0
15.613971710205078,0,0.0,0.0,0.0
15.623694896697998,0,0.0,0.0,0.0
15.633570194244385,0,0.0,0.0,0.0
15.643938064575195,0,0.0,0.0,0.0
15.653489351272583,0,0.0,0.0,0.0
15.663660526275635,0,0.0,0.0,0.0
15.669047117233276,0,0.0,0.0,0.0
15.683786630630493,0,0.0,0.0,0.0
15.694051265716553,0,0.0,0.0,0.0
15.700723648071289,0,0.0,0.0,0.0
15.713204145431519,0,0.0,0.0,0.0
15.719451189041138,0,0.0,0.0,0.0
15.733751773834229,0,0.0,0.0,0.0
15.743977546691895,0,0.0,0.0,0.0
15.750884771347046,0,0.0,0.0,0.0
15.76390552520752,0,0.0,0.0,0.0
15.767657995223999,0,0.0,0.0,0.0
15.783113956451416,0,0.0,0.0,0.0
15.79391860961914,0,0.0,0.0,0.0
15.80286955833435,0,0.0,0.0,0.0
15.814014196395874,0,0.0,0.0,0.0
15.818284273147583,0,0.0,0.0,0.0
15.833406686782837,0,0.0,0.0,0.0
15.84398102760315,0,0.0,0.0,0.0
15.8531653881073,0,0.0,0.0,0.0
15.864083290100098,0,0.0,0.0,0.0
15.871742248535156,0,0.0,0.0,0.0
15.883845567703247,0,0.0,0.0,0.0
15.893983364105225,0,0.0,0.0,0.0
15.903675317764282,0,0.0,0.0,0.0
15.913514137268066,0,0.0,0.0,0.0
15.918901681900024,0,0.0,0.0,0.0
15.933716773986816,0,0.0,0.0,0.0
15.943927764892578,0,0.0,0.0,0.0
15.951787948608398,0,0.0,0.0,0.0
15.963964939117432,0,0.0,0.0,0.0
15.968730926513672,0,0.0,0.0,0.0
15.983425617218018,0,0.0,0.0,0.0
15.987936973571777,0,0.0,0.0,0.0
16.003406524658203,0,0.0,0.0,0.0
16.014039039611816,0,0.0,0.0,0.0
16.020833253860474,0,0.0,0.0,0.0
16.03357720375061,0,0.0,0.0,0.0
16.042847871780396,0,0.0,0.0,0.0
16.053243160247803,0,0.0,0.0,0.0
16.063204050064087,0,0.0,0.0,0.0
16.074092864990234,0,0.0,0.0,0.0
16.083222150802612,0,0.0,0.0,0.0
16.093878746032715,0,0.0,0.0,0.0
16.103113412857056,0,0.0,0.0,0.0
16.114027738571167,0,0.0,0.0,0.0
16.12212586402893,0,0.0,0.0,0.0
16.134068727493286,0,0.0,0.0,0.0
16.143885374069214,0,0.0,0.0,0.0
16.15117573738098,0,0.0,0.0,0.0
16.16388249397278,0,0.0,0.0,0.0
16.172345399856567,0,0.0,0.0,0.0
16.18380355834961,0,0.0,0.0,0.0
16.184805393218994,0,0.0,0.0,0.0
16.203006744384766,0,0.0,0.0,0.0
16.21306824684143,0,0.0,0.0,0.0
16.21768093109131,0,0.0,0.0,0.0
16.2337806224823,0,0.0,0.0,0.0
16.24385976791382,0,0.0,0.0,0.0
16.25318694114685,0,0.0,0.0,0.0
16.263079404830933,0,0.0,0.0,0.0
16.273710250854492,0,0.0,0.0,0.0
16.284051656723022,0,0.0,0.0,0.0
16.293869733810425,0,0.0,0.0,0.0
16.30393409729004,0,0.0,0.0,0.0
16.31385850906372,0,0.0,0.0,0.0
16.32160234451294,0,0.0,0.0,0.0
16.33352780342102,0,0.0,0.0,0.0
16.343821048736572,0,0.0,0.0,0.0
16.349592447280884,0,0.0,0.0,0.0
16.36397075653076,0,0.0,0.0,0.0
16.36992597579956,0,0.0,0.0,0.0
16.383597135543823,0,0.0,0.0,0.0
16.393840312957764,0,0.0,0.0,0.0
16.403331995010376,0,0.0,0.0,0.0
16.4137704372406,0,0.0,0.0,0.0
16.421517610549927,0,0.0,0.0,0.0
16.433345317840576,0,0.0,0.0,0.0
16.44382619857788,0,0.0,0.0,0.0
16.449673175811768,0,0.0,0.0,0.0
16.464017868041992,0,0.0,0.0,0.0
16.473636627197266,0,0.0,0.0,0.0
16.4840407371521,0,0.0,0.0,0.0
16.493765354156494,0,0.0,0.0,0.0
16.503191709518433,0,0.0,0.0,0.0
16.513869762420654,0,0.0,0.0,0.0
16.517944812774658,0,0.0,0.0,0.0
16.5336754322052,0,0.0,0.0,0.0
16.54383158683777,0,0.0,0.0,0.0
16.550987482070923,0,0.0,0.0,0.0
16.563444137573242,0,0.0,0.0,0.0
16.56715226173401,0,0.0,0.0,0.0
16.58307147026062,0,0.0,0.0,0.0
16.59375834465027,0,0.0,0.0,0.0
16.603934288024902,0,0.0,0.0,0.0
16.61350393295288,0,0.0,0.0,0.0
16.618950843811035,0,0.0,0.0,0.0
16.633776903152466,0,0.0,0.0,0.0
16.643784999847412,0,0.0,0.0,0.0
16.65048575401306,0,0.0,0.0,0.0
16.6637065410614,0,0.0,0.0,0.0
16.669464349746704,0,0.0,0.0,0.0
16.683513402938843,0,0.0,0.0,0.0
16.693739414215088,0,0.0,0.0,0.0
16.704190254211426,0,0.0,0.0,0.0
16.712235927581787,0,0.0,0.0,0.0
16.715823888778687,0,0.0,0.0,0.0
16.73829460144043,0,0.0,0.0,0.0
16.74205780029297,0,0.0,0.0,0.0
16.750681161880493,0,0.0,0.0,0.0
16.763813257217407,0,0.0,0.0,0.0
16.770821571350098,0,0.0,0.0,0.0
16.783624172210693,0,0.0,0.0,0.0
16.7937228679657,0,0.0,0.0,0.0
16.803372621536255,0,0.0,0.0,0.0
16.813538789749146,0,0.0,0.0,0.0
16.818637371063232,0,0.0,0.0,0.0
16.83351755142212,0,0.0,0.0,0.0
16.843756437301636,0,0.0,0.0,0.0
16.851696252822876,0,0.0,0.0,0.0
16.864037036895752,0,0.0,0.0,0.0
16.87171769142151,0,0.0,0.0,0.0
16.883630514144897,0,0.0,0.0,0.0
16.891623973846436,0,0.0,0.0,0.0
16.903725147247314,0,0.0,0.0,0.0
16.913456916809082,0,0.0,0.0,0.0
16.919407844543457,0,0.0,0.0,0.0
16.933183193206787,0,0.0,0.0,0.0
16.943729400634766,0,0.0,0.0,0.0
16.950353384017944,0,0.0,0.0,0.0
16.963629722595215,0,0.0,0.0,0.0
16.96684217453003,0,0.0,0.0,0.0
16.983652114868164,0,0.0,0.0,0.0
16.993730068206787,0,0.0,0.0,0.0
17.00324034690857,0,0.0,0.0,0.0
17.0136878490448,0,0.0,0.0,0.0
17.01728916168213,0,0.0,0.0,0.0
17.033283233642578,0,0.0,0.0,0.0
17.043421745300293,0,0.0,0.0,0.0
17.051889181137085,0,0.0,0.0,0.0
17.063815593719482,0,0.0,0.0,0.0
17.069275856018066,0,0.0,0.0,0.0
17.083783626556396,0,0.0,0.0,0.0
17.093709230422974,0,0.0,0.0,0.0
17.101044178009033,0,0.0,0.0,0.0
17.113259077072144,0,0.0,0.0,0.0
17.11827564239502,0,0.0,0.0,0.0
17.131617307662964,0,0.0,0.0,0.0
17.143678665161133,0,0.0,0.0,0.0
17.153558015823364,0,0.0,0.0,0.0
17.16382122039795,0,0.0,0.0,0.0
17.170340061187744,0,0.0,0.0,0.0
17.183010578155518,0,0.0,0.0,0.0
17.193707942962646,0,0.0,0.0,0.0
17.203519105911255,0,0.0,0.0,0.0
17.21351981163025,0,0.0,0.0,0.0
17.223756313323975,0,0.0,0.0,0.0
17.23397135734558,0,0.0,0.0,0.0
17.24369502067566,0,0.0,0.0,0.0
17.253796577453613,0,0.0,0.0,0.0
17.263046503067017,0,0.0,0.0,0.0
17.270904779434204,0,0.0,0.0,0.0
17.28122615814209,0,0.0,0.0,0.0
17.294029712677002,0,0.0,0.0,0.0
17.303393363952637,0,0.0,0.0,0.0
17.3138267993927,0,0.0,0.0,0.0
17.3170166015625,0,0.0,0.0,0.0
17.333296060562134,0,0.0,0.0,0.0
17.343650579452515,0,0.0,0.0,0.0
17.35399889945984,0,0.0,0.0,0.0
17.36369562149048,0,0.0,0.0,0.0
17.371244192123413,0,0.0,0.0,0.0
17.38390326499939,0,0.0,0.0,0.0
17.393691062927246,0,0.0,0.0,0.0
17.400212049484253,0,0.0,0.0,0.0
17.41380763053894,0,0.0,0.0,0.0
17.417174577713013,0,0.0,0.0,0.0
17.432140350341797,0,0.0,0.0,0.0
17.44377827644348,0,0.0,0.0,0.0
17.45284914970398,0,0.0,0.0,0.0
17.46428418159485,0,0.0,0.0,0.0
17.473355531692505,0,0.0,0.0,0.0
17.48316526412964,0,0.0,0.0,0.0
17.493650436401367,0,0.0,0.0,0.0
17.50006604194641,0,0.0,0.0,0.0
17.51336979866028,0,0.0,0.0,0.0
17.51737380027771,0,0.0,0.0,0.0
17.533138513565063,0,0.0,0.0,0.0
17.54372477531433,0,0.0,0.0,0.0
17.552809953689575,0,0.0,0.0,0.0
17.56321406364441,0,0.0,0.0,0.0
17.573137998580933,0,0.0,0.0,0.0
17.583437204360962,0,0.0,0.0,0.0
17.593852996826172,0,0.0,0.0,0.0
17.603128910064697,0,0.0,0.0,0.0
17.613673210144043,0,0.0,0.0,0.0
17.624011516571045,0,0.0,0.0,0.0
17.63304114341736,0,0.0,0.0,0.0
17.643629550933838,0,0.0,0.0,0.0
17.65359139442444,0,0.0,0.0,0.0
17.663644313812256,0,0.0,0.0,0.0
17.671671867370605,0,0.0,0.0,0.0
17.683132648468018,0,0.0,0.0,0.0
17.693603515625,0,0.0,0.0,0.0
17.700861930847168,0,0.0,0.0,0.0
17.713998556137085,0,0.0,0.0,0.0
17.722474813461304,0,0.0,0.0,0.0
17.734163999557495,0,0.0,0.0,0.0
17.743552923202515,0,0.0,0.0,0.0
17.75338125228882,0,0.0,0.0,0.0
17.763835430145264,0,0.0,0.0,0.0
17.767967224121094,0,0.0,0.0,0.0
17.784038305282593,0,0.0,0.0,0.0
17.79355764389038,0,0.0,0.0,0.0
17.803334951400757,0,0.0,0.0,0.0
17.813166618347168,0,0.0,0.0,0.0
17.81770157814026,0,0.0,0.0,0.0
17.83380126953125,0,0.0,0.0,0.0
17.843743324279785,0,0.0,0.0,0.0
17.853570699691772,0,0.0,0.0,0.0
17.86379098892212,0,0.0,0.0,0.0
17.868287563323975,0,0.0,0.0,0.0
17.883938550949097,0,0.0,0.0,0.0
17.893569946289062,0,0.0,0.0,0.0
17.89893388748169,0,0.0,0.0,0.0
17.91383457183838,0,0.0,0.0,0.0
17.92203402519226,0,0.0,0.0,0.0
17.933011770248413,0,0.0,0.0,0.0
17.943520545959473,0,0.0,0.0,0.0
17.952752828598022,0,0.0,0.0,0.0
17.963073015213013,0,0.0,0.0,0.0
17.97270917892456,0,0.0,0.0,0.0
17.9834041595459,0,0.0,0.0,0.0
17.993656158447266,0,0.0,0.0,0.0
18.003540992736816,0,0.0,0.0,0.0
18.01365065574646,0,0.0,0.0,0.0
18.021999835968018,0,0.0,0.0,0.0
18.032845735549927,0,0.0,0.0,0.0
18.043516635894775,0,0.0,0.0,0.0
18.053855657577515,0,0.0,0.0,0.0
18.06359362602234,0,0.0,0.0,0.0
18.068477392196655,0,0.0,0.0,0.0
18.083369970321655,0,0.0,0.0,0.0
18.09382963180542,0,0.0,0.0,0.0
18.10081958770752,0,0.0,0.0,0.0
18.11377787590027,0,0.0,0.0,0.0
18.1216139793396,0,0.0,0.0,0.0
18.13320517539978,0,0.0,0.0,0.0
18.14348077774048,0,0.0,0.0,0.0
18.15230131149292,0,0.0,0.0,0.0
18.16394853591919,0,0.0,0.0,0.0
18.17034673690796,0,0.0,0.0,0.0
18.183879375457764,0,0.0,0.0,0.0
18.1937255859375,0,0.0,0.0,0.0
18.20215940475464,0,0.0,0.0,0.0
18.214016675949097,0,0.0,0.0,0.0
18.223143339157104,0,0.0,0.0,0.0
18.232909202575684,0,0.0,0.0,0.0
18.243463039398193,0,0.0,0.0,0.0
18.2532320022583,0,0.0,0.0,0.0
18.263758182525635,0,0.0,0.0,0.0
18.27069664001465,0,0.0,0.0,0.0
18.283930778503418,0,0.0,0.0,0.0
18.293838500976562,0,0.0,0.0,0.0
18.29849863052368,0,0.0,0.0,0.0
18.31398844718933,0,0.0,0.0,0.0
18.323676347732544,0,0.0,0.0,0.0
18.332292795181274,0,0.0,0.0,0.0
18.345131397247314,0,0.0,0.0,0.0
18.352113246917725,0,0.0,0.0,0.0
18.364080905914307,0,0.0,0.0,0.0
18.367513179779053,0,0.0,0.0,0.0
18.38324999809265,0,0.0,0.0,0.0
18.394405841827393,0,0.0,0.0,0.0
18.401225805282593,0,0.0,0.0,0.0
18.413613319396973,0,0.0,0.0,0.0
18.423039436340332,0,0.0,0.0,0.0
18.433915853500366,0,0.0,0.0,0.0
18.443734884262085,0,0.0,0.0,0.0
18.452736616134644,0,0.0,0.0,0.0
18.46319842338562,0,0.0,0.0,0.0
18.469465732574463,0,0.0,0.0,0.0
18.483365058898926,0,0.0,0.0,0.0
18.49341917037964,0,0.0,0.0,0.0
18.502858638763428,0,0.0,0.0,0.0
18.513004064559937,0,0.0,0.0,0.0
18.5237078666687,0,0.0,0.0,0.0
18.533594608306885,0,0.0,0.0,0.0
18.54380464553833,0,0.0,0.0,0.0
18.55348825454712,0,0.0,0.0,0.0
18.56339693069458,0,0.0,0.0,0.0
18.570326566696167,0,0.0,0.0,0.0
18.584009408950806,0,0.0,0.0,0.0
18.593804121017456,0,0.0,0.0,0.0
18.598913431167603,0,0.0,0.0,0.0
18.61355209350586,0,0.0,0.0,0.0
18.620426416397095,0,0.0,0.0,0.0
18.629437923431396,0,0.0,0.0,0.0
18.643630981445312,0,0.0,0.0,0.0
18.653549909591675,0,0.0,0.0,0.0
18.66306471824646,0,0.0,0.0,0.0
18.67000675201416,0,0.0,0.0,0.0
18.68280839920044,0,0.0,0.0,0.0
18.693737983703613,0,0.0,0.0,0.0
18.700315475463867,0,0.0,0.0,0.0
18.71329617500305,0,0.0,0.0,0.0
18.721346855163574,0,0.0,0.0,0.0
18.73353600502014,0,0.0,0.0,0.0
18.743582725524902,0,0.0,0.0,0.0
18.75249195098877,0,0.0,0.0,0.0
18.76374316215515,0,0.0,0.0,0.0
18.769907236099243,0,0.0,0.0,0.0
18.783828735351562,0,0.0,0.0,0.0
18.793893098831177,0,0.0,0.0,0.0
18.80304503440857,0,0.0,0.0,0.0
18.811028957366943,0,0.0,0.0,0.0
18.82378578186035,0,0.0,0.0,0.0
18.83376169204712,0,0.0,0.0,0.0
18.84432816505432,0,0.0,0.0,0.0
18.85283613204956,0,0.0,0.0,0.0
18.863940477371216,0,0.0,0.0,0.0
18.86896276473999,0,0.0,0.0,0.0
18.883997678756714,0,0.0,0.0,0.0
18.893338680267334,0,0.0,0.0,0.0
18.903507471084595,0,0.0,0.0,0.0
18.913384437561035,0,0.0,0.0,0.0
18.920082330703735,0,0.0,0.0,0.0
18.93344235420227,0,0.0,0.0,0.0
18.943884134292603,0,0.0,0.0,0.0
18.94956946372986,0,0.0,0.0,0.0
18.96372652053833,0,0.0,0.0,0.0
18.968143701553345,0,0.0,0.0,0.0
18.98211669921875,0,0.0,0.0,0.0
18.993781566619873,0,0.0,0.0,0.0
19.001099109649658,0,0.0,0.0,0.0
19.01361107826233,0,0.0,0.0,0.0
19.01959228515625,0,0.0,0.0,0.0
19.033854007720947,0,0.0,0.0,0.0
19.04383111000061,0,0.0,0.0,0.0
19.053884029388428,0,0.0,0.0,0.0
19.06325125694275,0,0.0,0.0,0.0
19.07069683074951,0,0.0,0.0,0.0
19.084179162979126,0,0.0,0.0,0.0
19.09329867362976,0,0.0,0.0,0.0
19.103994131088257,0,0.0,0.0,0.0
19.11344575881958,0,0.0,0.0,0.0
19.118391752243042,0,0.0,0.0,0.0
19.133687496185303,0,0.0,0.0,0.0
19.14388942718506,0,0.0,0.0,0.0
19.149674654006958,0,0.0,0.0,0.0
19.163269758224487,0,0.0,0.0,0.0
19.16711735725403,0,0.0,0.0,0.0
19.183281898498535,0,0.0,0.0,0.0
19.19389510154724,0,0.0,0.0,0.0
19.199170112609863,0,0.0,0.0,0.0
19.21352744102478,0,0.0,0.0,0.0
19.22121572494507,0,0.0,0.0,0.0
19.23398494720459,0,0.0,0.0,0.0
19.243390560150146,0,0.0,0.0,0.0
19.253353357315063,0,0.0,0.0,0.0
19.26339817047119,0,0.0,0.0,0.0
19.273383378982544,0,0.0,0.0,0.0
19.283342361450195,0,0.0,0.0,0.0
19.29321312904358,0,0.0,0.0,0.0
19.303735733032227,0,0.0,0.0,0.0
19.313363552093506,0,0.0,0.0,0.0
19.32217264175415,0,0.0,0.0,0.0
19.333324670791626,0,0.0,0.0,0.0
19.34377670288086,0,0.0,0.0,0.0
19.350333213806152,0,0.0,0.0,0.0
19.363532066345215,0,0.0,0.0,0.0
19.36738634109497,0,0.0,0.0,0.0
19.383081674575806,0,0.0,0.0,0.0
19.393804788589478,0,0.0,0.0,0.0
19.40338969230652,0,0.0,0.0,0.0
19.413732290267944,0,0.0,0.0,0.0
19.417652130126953,0,0.0,0.0,0.0
19.43413281440735,0,0.0,0.0,0.0
19.443877696990967,0,0.0,0.0,0.0
19.449496269226074,0,0.0,0.0,0.0
19.464101314544678,0,0.0,0.0,0.0
19.47142267227173,0,0.0,0.0,0.0
19.483120441436768,0,0.0,0.0,0.0
19.49380874633789,0,0.0,0.0,0.0
19.504157543182373,0,0.0,0.0,0.0
19.51346206665039,0,0.0,0.0,0.0
19.520084381103516,0,0.0,0.0,0.0
19.534040927886963,0,0.0,0.0,0.0
19.543691396713257,0,0.0,0.0,0.0
19.550333738327026,0,0.0,0.0,0.0
19.563942670822144,0,0.0,0.0,0.0
19.572147607803345,0,0.0,0.0,0.0
19.582589626312256,0,0.0,0.0,0.0
19.59317445755005,0,0.0,0.0,0.0
19.602281093597412,0,0.0,0.0,0.0
19.613605260849,0,0.0,0.0,0.0
19.618504285812378,0,0.0,0.0,0.0
19.63377356529236,0,0.0,0.0,0.0
19.643851280212402,0,0.0,0.0,0.0
19.649083375930786,0,0.0,0.0,0.0
19.6638822555542,0,0.0,0.0,0.0
19.67273736000061,0,0.0,0.0,0.0
19.68328285217285,0,0.0,0.0,0.0
19.69375514984131,0,0.0,0.0,0.0
19.704066514968872,0,0.0,0.0,0.0
19.7139949798584,0,0.0,0.0,0.0
19.72150993347168,0,0.0,0.0,0.0
19.733377933502197,0,0.0,0.0,0.0
19.743727684020996,0,0.0,0.0,0.0
19.749842405319214,0,0.0,0.0,0.0
19.76342272758484,0,0.0,0.0,0.0
19.773454427719116,0,0.0,0.0,0.0
19.781514644622803,0,0.0,0.0,0.0
19.793806314468384,0,0.0,0.0,0.0
19.796798706054688,0,0.0,0.0,0.0
19.810479640960693,0,0.0,0.0,0.0
19.81951594352722,0,0.0,0.0,0.0
19.827360153198242,0,0.0,0.0,0.0
19.84384274482727,0,0.0,0.0,0.0
19.84846568107605,0,0.0,0.0,0.0
19.86400818824768,0,0.0,0.0,0.0
19.87285542488098,0,0.0,0.0,0.0
19.87842035293579,0,0.0,0.0,0.0
19.893986701965332,0,0.0,0.0,0.0
19.903632879257202,0,0.0,0.0,0.0
19.91314935684204,0,0.0,0.0,0.0
19.920616149902344,0,0.0,0.0,0.0
19.93294072151184,0,0.0,0.0,0.0
19.943122148513794,0,0.0,0.0,0.0
19.948371171951294,0,0.0,0.0,0.0
19.963899850845337,0,0.0,0.0,0.0
19.966892957687378,0,0.0,0.0,0.0
19.982566118240356,0,0.0,0.0,0.0
19.993767976760864,0,0.0,0.0,0.0
20.002514839172363,0,0.0,0.0,0.0
20.01337766647339,0,0.0,0.0,0.0
20.021389484405518,0,0.0,0.0,0.0
20.027551889419556,0,0.0,0.0,0.0
20.044009685516357,0,0.0,0.0,0.0
20.054128170013428,0,0.0,0.0,0.0
20.063461303710938,0,0.0,0.0,0.0
20.07210397720337,0,0.0,0.0,0.0
20.08016300201416,0,0.0,0.0,0.0
20.093761205673218,0,0.0,0.0,0.0
20.103156566619873,0,0.0,0.0,0.0
20.11310315132141,0,0.0,0.0,0.0
20.124114513397217,0,0.0,0.0,0.0
20.13403820991516,0,0.0,0.0,0.0
20.143797159194946,0,0.0,0.0,0.0
20.150944709777832,0,0.0,0.0,0.0
20.163180589675903,0,0.0,0.0,0.0
20.172248363494873,0,0.0,0.0,0.0
20.178244829177856,0,0.0,0.0,0.0
20.193905353546143,0,0.0,0.0,0.0
20.203789234161377,0,0.0,0.0,0.0
20.211906909942627,0,0.0,0.0,0.0
20.21991467475891,0,0.0,0.0,0.0
20.227345943450928,0,0.0,0.0,0.0
20.24385380744934,0,0.0,0.0,0.0
20.247603178024292,0,0.0,0.0,0.0
20.26304316520691,0,0.0,0.0,0.0
20.272072553634644,0,0.0,0.0,0.0
20.277445793151855,0,0.0,0.0,0.0
20.29385018348694,0,0.0,0.0,0.0
20.302764177322388,0,0.0,0.0,0.0
20.313921451568604,0,0.0,0.0,0.0
20.31696629524231,0,0.0,0.0,0.0
20.333948135375977,0,0.0,0.0,0.0
20.34343695640564,0,0.0,0.0,0.0
20.348395586013794,0,0.0,0.0,0.0
20.36406970024109,0,0.0,0.0,0.0
20.372074127197266,0,0.0,0.0,0.0
20.37854313850403,0,0.0,0.0,0.0
20.393867254257202,0,0.0,0.0,0.0
20.40386199951172,0,0.0,0.0,0.0
20.411710739135742,0,0.0,0.0,0.0
20.416532278060913,0,0.0,0.0,0.0
20.427141189575195,0,0.0,0.0,0.0
20.443835496902466,0,0.0,0.0,0.0
20.447173595428467,0,0.0,0.0,0.0
20.462430953979492,0,0.0,0.0,0.0
20.470436096191406,0,0.0,0.0,0.0
20.479355096817017,0,0.0,0.0,0.0
20.493809461593628,0,0.0,0.0,0.0
20.503793954849243,0,0.0,0.0,0.0
20.51149034500122,0,0.0,0.0,0.0
20.523744106292725,0,0.0,0.0,0.0
20.529120445251465,0,0.0,0.0,0.0
20.53712272644043,0,0.0,0.0,0.0
20.553500413894653,0,0.0,0.0,0.0
20.560460567474365,0,0.0,0.0,0.0
20.57101058959961,0,0.0,0.0,0.0
20.578643798828125,0,0.0,0.0,0.0
20.59350037574768,0,0.0,0.0,0.0
20.602765560150146,0,0.0,0.0,0.0
20.613884449005127,0,0.0,0.0,0.0
20.621776342391968,0,0.0,0.0,0.0
20.632500648498535,0,0.0,0.0,0.0
20.640469551086426,0,0.0,0.0,0.0
20.653586864471436,0,0.0,0.0,0.0
20.663607358932495,0,0.0,0.0,0.0
20.669805765151978,0,0.0,0.0,0.0
20.67916703224182,0,0.0,0.0,0.0
20.693864345550537,0,0.0,0.0,0.0
20.703191995620728,0,0.0,0.0,0.0
20.71349859237671,0,0.0,0.0,0.0
20.717421293258667,0,0.0,0.0,0.0
20.733396768569946,0,0.0,0.0,0.0
20.743860960006714,0,0.0,0.0,0.0
20.753499746322632,0,0.0,0.0,0.0
20.763903379440308,0,0.0,0.0,0.0
20.76949977874756,0,0.0,0.0,0.0
20.78240466117859,0,0.0,0.0,0.0
20.793909788131714,0,0.0,0.0,0.0
20.80013918876648,0,0.0,0.0,0.0
20.80964684486389,0,0.0,0.0,0.0
20.82225728034973,0,0.0,0.0,0.0
20.830882787704468,0,0.0,0.0,0.0
20.84389066696167,0,0.0,0.0,0.0
20.854228496551514,0,0.0,0.0,0.0
20.860651969909668,0,0.0,0.0,0.0
20.868653535842896,0,0.0,0.0,0.0
20.87706971168518,0,0.0,0.0,0.0
20.893709659576416,0,0.0,0.0,0.0
20.90338969230652,0,0.0,0.0,0.0
20.910431385040283,0,0.0,0.0,0.0
20.923478603363037,0,0.0,0.0,0.0
20.930627584457397,0,0.0,0.0,0.0
20.9435613155365,0,0.0,0.0,0.0
20.95413589477539,0,0.0,0.0,0.0
20.964011907577515,0,0.0,0.0,0.0
20.970114707946777,0,0.0,0.0,0.0
20.983355045318604,0,0.0,0.0,0.0
20.993950128555298,0,0.0,0.0,0.0
20.999913454055786,0,0.0,0.0,0.0
21.013203382492065,0,0.0,0.0,0.0
21.01630210876465,0,0.0,0.0,0.0
21.03394889831543,0,0.0,0.0,0.0
21.04368758201599,0,0.0,0.0,0.0
21.04896092414856,0,0.0,0.0,0.0
21.063881635665894,0,0.0,0.0,0.0
21.06890845298767,0,0.0,0.0,0.0
21.08416485786438,0,0.0,0.0,0.0
21.093678951263428,0,0.0,0.0,0.0
21.098495721817017,0,0.0,0.0,0.0
21.113993644714355,0,0.0,0.0,0.0
21.12302541732788,0,0.0,0.0,0.0
21.130276441574097,0,0.0,0.0,0.0
21.14388656616211,0,0.0,0.0,0.0
21.153954029083252,0,0.0,0.0,0.0
21.163931608200073,0,0.0,0.0,0.0
21.173453092575073,0,0.0,0.0,0.0
21.180680990219116,0,0.0,0.0,0.0
21.193758249282837,0,0.0,0.0,0.0
21.2027587890625,0,0.0,0.0,0.0
21.21101427078247,0,0.0,0.0,0.0
21.2239990234375,0,0.0,0.0,0.0
21.22999620437622,0,0.0,0.0,0.0
21.243867874145508,0,0.0,0.0,0.0
21.24586057662964,0,0.0,0.0,0.0
21.26092004776001,0,0.0,0.0,0.0
21.271879196166992,0,0.0,0.0,0.0
21.2772159576416,0,0.0,0.0,0.0
21.293861627578735,0,0.0,0.0,0.0
21.304043292999268,0,0.0,0.0,0.0
21.31053876876831,0,0.0,0.0,0.0
21.321388721466064,0,0.0,0.0,0.0
21.32720398902893,0,0.0,0.0,0.0
21.343844175338745,0,0.0,0.0,0.0
21.344841718673706,0,0.0,0.0,0.0
21.3605055809021,0,0.0,0.0,0.0
21.373404502868652,0,0.0,0.0,0.0
21.383650302886963,0,0.0,0.0,0.0
21.393231630325317,0,0.0,0.0,0.0
21.403542280197144,0,0.0,0.0,0.0
21.410503149032593,0,0.0,0.0,0.0
21.419443368911743,0,0.0,0.0,0.0
21.428194761276245,0,0.0,0.0,0.0
21.44384741783142,0,0.0,0.0,0.0
21.454019784927368,0,0.0,0.0,0.0
21.461524963378906,0,0.0,0.0,0.0
21.471532821655273,0,0.0,0.0,0.0
21.477171182632446,0,0.0,0.0,0.0
21.49383783340454,0,0.0,0.0,0.0
21.50402307510376,0,0.0,0.0,0.0
21.510539293289185,0,0.0,0.0,0.0
21.524131298065186,0,0.0,0.0,0.0
21.528167009353638,0,0.0,0.0,0.0
21.543816328048706,0,0.0,0.0,0.0
21.553873538970947,0,0.0,0.0,0.0
21.56149697303772,0,0.0,0.0,0.0
21.572608947753906,0,0.0,0.0,0.0
21.57817316055298,0,0.0,0.0,0.0
21.594019889831543,0,0.0,0.0,0.0
21.603964805603027,0,0.0,0.0,0.0
21.61301827430725,0,0.0,0.0,0.0
21.62105965614319,0,0.0,0.0,0.0
21.628077507019043,0,0.0,0.0,0.0
21.64385485649109,0,0.0,0.0,0.0
21.644851684570312,0,0.0,0.0,0.0
21.66147017478943,0,0.0,0.0,0.0
21.671509742736816,0,0.0,0.0,0.0
21.67714214324951,0,0.0,0.0,0.0
21.69378113746643,0,0.0,0.0,0.0
21.703843593597412,0,0.0,0.0,0.0
21.71148180961609,0,0.0,0.0,0.0
21.721530437469482,0,0.0,0.0,0.0
21.728126764297485,0,0.0,0.0,0.0
21.743786811828613,0,0.0,0.0,0.0
21.75416135787964,0,0.0,0.0,0.0
21.761457204818726,0,0.0,0.0,0.0
21.77149772644043,0,0.0,0.0,0.0
21.778117895126343,0,0.0,0.0,0.0
21.79377841949463,0,0.0,0.0,0.0
21.79477548599243,0,0.0,0.0,0.0
21.814042329788208,0,0.0,0.0,0.0
21.822627544403076,0,0.0,0.0,0.0
21.82859444618225,0,0.0,0.0,0.0
21.843780279159546,0,0.0,0.0,0.0
21.85271430015564,0,0.0,0.0,0.0
21.860472202301025,0,0.0,0.0,0.0
21.870513439178467,0,0.0,0.0,0.0
21.87810182571411,0,0.0,0.0,0.0
21.89374351501465,0,0.0,0.0,0.0
21.89474081993103,0,0.0,0.0,0.0
21.91142249107361,0,0.0,0.0,0.0
21.921462535858154,0,0.0,0.0,0.0
21.928088903427124,0,0.0,0.0,0.0
21.9437518119812,0,0.0,0.0,0.0
21.953916311264038,0,0.0,0.0,0.0
21.96046233177185,0,0.0,0.0,0.0
21.971400022506714,0,0.0,0.0,0.0
21.97708559036255,0,0.0,0.0,0.0
21.993741989135742,0,0.0,0.0,0.0
21.994720935821533,0,0.0,0.0,0.0
22.011401176452637,0,0.0,0.0,0.0
22.023870944976807,0,0.0,0.0,0.0
22.03345775604248,0,0.0,0.0,0.0
22.04309630393982,0,0.0,0.0,0.0
22.053537368774414,0,0.0,0.0,0.0
22.060486316680908,0,0.0,0.0,0.0
22.068487882614136,0,0.0,0.0,0.0
22.078059911727905,0,0.0,0.0,0.0
22.093709707260132,0,0.0,0.0,0.0
22.103988647460938,0,0.0,0.0,0.0
22.11136484146118,0,0.0,0.0,0.0
22.121374130249023,0,0.0,0.0,0.0
22.127050399780273,0,0.0,0.0,0.0
22.143715858459473,0,0.0,0.0,0.0
22.144699573516846,0,0.0,0.0,0.0
22.1603844165802,0,0.0,0.0,0.0
22.170398712158203,0,0.0,0.0,0.0
22.17804718017578,0,0.0,0.0,0.0
22.193691730499268,0,0.0,0.0,0.0
22.203850030899048,0,0.0,0.0,0.0
22.210383415222168,0,0.0,0.0,0.0
22.221264362335205,0,0.0,0.0,0.0
22.227033376693726,0,0.0,0.0,0.0
22.243959426879883,0,0.0,0.0,0.0
22.254149675369263,0,0.0,0.0,0.0
22.262619972229004,0,0.0,0.0,0.0
22.270618200302124,0,0.0,0.0,0.0
22.27693486213684,0,0.0,0.0,0.0
22.29366397857666,0,0.0,0.0,0.0
22.294661283493042,0,0.0,0.0,0.0
22.310329914093018,0,0.0,0.0,0.0
22.323478937149048,0,0.0,0.0,0.0
22.33338189125061,0,0.0,0.0,0.0
22.34395980834961,0,0.0,0.0,0.0
22.345337629318237,0,0.0,0.0,0.0
22.36315631866455,0,0.0,0.0,0.0
22.373229026794434,0,0.0,0.0,0.0
22.37699317932129,0,0.0,0.0,0.0
22.393659353256226,0,0.0,0.0,0.0
22.394655227661133,0,0.0,0.0,0.0
22.410308837890625,0,0.0,0.0,0.0
22.421147346496582,0,0.0,0.0,0.0
22.427993535995483,0,0.0,0.0,0.0
22.443647384643555,0,0.0,0.0,0.0
22.4543514251709,0,0.0,0.0,0.0
22.463930130004883,0,0.0,0.0,0.0
22.47159695625305,0,0.0,0.0,0.0
22.479361057281494,0,0.0,0.0,0.0
22.49371099472046,0,0.0,0.0,0.0
22.502640962600708,0,0.0,0.0,0.0
22.51133370399475,0,0.0,0.0,0.0
22.521332263946533,0,0.0,0.0,0.0
22.526975870132446,0,0.0,0.0,0.0
22.5436372756958,0,0.0,0.0,0.0
22.54462695121765,0,0.0,0.0,0.0
22.56030035018921,0,0.0,0.0,0.0
22.572526216506958,0,0.0,0.0,0.0
22.57696771621704,0,0.0,0.0,0.0
22.59361696243286,0,0.0,0.0,0.0
22.594613313674927,0,0.0,0.0,0.0
22.610265016555786,0,0.0,0.0,0.0
22.621144771575928,0,0.0,0.0,0.0
22.6269588470459,0,0.0,0.0,0.0
22.64361548423767,0,0.0,0.0,0.0
22.644612312316895,0,0.0,0.0,0.0
22.66292643547058,0,0.0,0.0,0.0
22.671956300735474,0,0.0,0.0,0.0
22.67868137359619,0,0.0,0.0,0.0
22.69365954399109,0,0.0,0.0,0.0
22.702565670013428,0,0.0,0.0,0.0
22.71129322052002,0,0.0,0.0,0.0
22.721302032470703,0,0.0,0.0,0.0
22.72694683074951,0,0.0,0.0,0.0
22.74359440803528,0,0.0,0.0,0.0
22.753611087799072,0,0.0,0.0,0.0
22.760247945785522,0,0.0,0.0,0.0
22.771728038787842,0,0.0,0.0,0.0
22.77593445777893,0,0.0,0.0,0.0
22.793591022491455,0,0.0,0.0,0.0
22.794585704803467,0,0.0,0.0,0.0
22.810271501541138,0,0.0,0.0,0.0
22.82409930229187,0,0.0,0.0,0.0
22.826913356781006,0,0.0,0.0,0.0
22.843575954437256,0,0.0,0.0,0.0
22.84457302093506,0,0.0,0.0,0.0
22.86123752593994,0,0.0,0.0,0.0
22.87402653694153,0,0.0,0.0,0.0
22.88322424888611,0,0.0,0.0,0.0
22.8937566280365,0,0.0,0.0,0.0
22.903250455856323,0,0.0,0.0,0.0
22.914263248443604,0,0.0,0.0,0.0
22.922269821166992,0,0.0,0.0,0.0
22.926955461502075,0,0.0,0.0,0.0
22.943609476089478,0,0.0,0.0,0.0
22.953659296035767,0,0.0,0.0,0.0
22.960231065750122,0,0.0,0.0,0.0
22.970284700393677,0,0.0,0.0,0.0
22.977893829345703,0,0.0,0.0,0.0
22.993539571762085,0,0.0,0.0,0.0
22.99453639984131,0,0.0,0.0,0.0
23.01022458076477,0,0.0,0.0,0.0
23.024331092834473,0,0.0,0.0,0.0
23.02688479423523,0,0.0,0.0,0.0
23.04354476928711,0,0.0,0.0,0.0
23.053616523742676,0,0.0,0.0,0.0
23.060192584991455,0,0.0,0.0,0.0
23.070225954055786,0,0.0,0.0,0.0
23.07687783241272,0,0.0,0.0,0.0
23.09268832206726,0,0.0,0.0,0.0
23.103949308395386,0,0.0,0.0,0.0
23.112581729888916,0,0.0,0.0,0.0
23.120654821395874,0,0.0,0.0,0.0
23.1278235912323,0,0.0,0.0,0.0
23.14355444908142,0,0.0,0.0,0.0
23.153607606887817,0,0.0,0.0,0.0
23.164132595062256,0,0.0,0.0,0.0
23.17213797569275,0,0.0,0.0,0.0
23.177299737930298,0,0.0,0.0,0.0
23.19382119178772,0,0.0,0.0,0.0
23.203860998153687,0,0.0,0.0,0.0
23.210391759872437,0,0.0,0.0,0.0
23.22047185897827,0,0.0,0.0,0.0
23.234092712402344,0,0.0,0.0,0.0
23.244098663330078,0,0.0,0.0,0.0
23.254236459732056,0,0.0,0.0,0.0
23.255232095718384,0,0.0,0.0,0.0
23.26523780822754,0,0.0,0.0,0.0
23.275238037109375,0,0.0,0.0,0.0
23.28523826599121,0,0.0,0.0,0.0
23.299219608306885,0,0.0,0.0,0.0
23.313952207565308,0,0.0,0.0,0.0
23.317965745925903,0,0.0,0.0,0.0
23.32839846611023,0,0.0,0.0,0.0
23.3437762260437,0,0.0,0.0,0.0
23.353031635284424,0,0.0,0.0,0.0
23.36117458343506,0,0.0,0.0,0.0
23.371174573898315,0,0.0,0.0,0.0
23.381175756454468,0,0.0,0.0,0.0
23.391175746917725,0,0.0,0.0,0.0
23.401175498962402,0,0.0,0.0,0.0
23.41413140296936,0,0.0,0.0,0.0
23.424138069152832,0,0.0,0.0,0.0
23.424138069152832,0,0.0,0.0,0.0
23.43413734436035,0,0.0,0.0,0.0
23.444146156311035,0,0.0,0.0,0.0
23.454136848449707,0,0.0,0.0,0.0
23.46414589881897,0,0.0,0.0,0.0
23.4741370677948,0,0.0,0.0,0.0
23.484137535095215,0,0.0,0.0,0.0
23.49414610862732,0,0.0,0.0,0.0
23.50413727760315,0,0.0,0.0,0.0
23.523609161376953,0,0.0,0.0,0.0
23.531189680099487,0,0.0,0.0,0.0
23.54405379295349,0,0.0,0.0,0.0
23.554051637649536,0,0.0,0.0,0.0
23.56012725830078,0,0.0,0.0,0.0
23.570170640945435,0,0.0,0.0,0.0
23.583916902542114,0,0.0,0.0,0.0
23.593931436538696,0,0.0,0.0,0.0
23.60393238067627,0,0.0,0.0,0.0
23.613946676254272,0,0.0,0.0,0.0
23.62393307685852,0,0.0,0.0,0.0
23.633938789367676,0,0.0,0.0,0.0
23.643932342529297,0,0.0,0.0,0.0
23.653932332992554,0,0.0,0.0,0.0
23.66393256187439,0,0.0,0.0,0.0
23.6739284992218,0,0.0,0.0,0.0
23.683932542800903,0,0.0,0.0,0.0
23.693948984146118,0,0.0,0.0,0.0
23.70402479171753,0,0.0,0.0,0.0
23.705021619796753,0,0.0,0.0,0.0
23.71503233909607,0,0.0,0.0,0.0
23.72503089904785,0,0.0,0.0,0.0
23.743992805480957,0,0.0,0.0,0.0
23.75293469429016,0,0.0,0.0,0.0
23.763936758041382,0,0.0,0.0,0.0
23.771946668624878,0,0.0,0.0,0.0
23.777093172073364,0,0.0,0.0,0.0
23.79316997528076,0,0.0,0.0,0.0
23.79316997528076,0,0.0,0.0,0.0
23.80414128303528,0,0.0,0.0,0.0
23.814141273498535,0,0.0,0.0,0.0
23.82414174079895,0,0.0,0.0,0.0
23.834141969680786,0,0.0,0.0,0.0
23.844232320785522,0,0.0,0.0,0.0
23.855210304260254,0,0.0,0.0,0.0
23.86521077156067,0,0.0,0.0,0.0
23.877434730529785,0,0.0,0.0,0.0
23.887442588806152,0,0.0,0.0,0.0
23.897444009780884,0,0.0,0.0,0.0
23.90974998474121,0,0.0,0.0,0.0
23.923940896987915,0,0.0,0.0,0.0
23.933954000473022,0,0.0,0.0,0.0
23.94395351409912,0,0.0,0.0,0.0
23.954026699066162,0,0.0,0.0,0.0
23.96341586112976,0,0.0,0.0,0.0
23.973093271255493,0,0.0,0.0,0.0
23.978021144866943,0,0.0,0.0,0.0
23.993703603744507,0,0.0,0.0,0.0
24.001715898513794,0,0.0,0.0,0.0
24.010762453079224,0,0.0,0.0,0.0
24.02077031135559,0,0.0,0.0,0.0
24.03394079208374,0,0.0,0.0,0.0
24.043952226638794,0,0.0,0.0,0.0
24.053953170776367,0,0.0,0.0,0.0
24.06395387649536,0,0.0,0.0,0.0
24.07395315170288,0,0.0,0.0,0.0
24.083953380584717,0,0.0,0.0,0.0
24.093953847885132,0,0.0,0.0,0.0
24.103952884674072,0,0.0,0.0,0.0
24.105375051498413,0,0.0,0.0,0.0
24.116244316101074,0,0.0,0.0,0.0
24.126244068145752,0,0.0,0.0,0.0
24.136244535446167,0,0.0,0.0,0.0
24.146244287490845,0,0.0,0.0,0.0
24.156244039535522,0,0.0,0.0,0.0
24.173481464385986,0,0.0,0.0,0.0
24.184210300445557,0,0.0,0.0,0.0
24.19400143623352,0,0.0,0.0,0.0
24.20303511619568,0,0.0,0.0,0.0
24.20917272567749,0,0.0,0.0,0.0
24.218076467514038,0,0.0,0.0,0.0
24.234172344207764,0,0.0,0.0,0.0
24.244107246398926,0,0.0,0.0,0.0
24.254115104675293,0,0.0,0.0,0.0
24.26411461830139,0,0.0,0.0,0.0
24.274115085601807,0,0.0,0.0,0.0
24.284114122390747,0,0.0,0.0,0.0
24.29411292076111,0,0.0,0.0,0.0
24.29530692100525,0,0.0,0.0,0.0
24.30534529685974,0,0.0,0.0,0.0
24.31534504890442,0,0.0,0.0,0.0
24.325345993041992,0,0.0,0.0,0.0
24.337949752807617,0,0.0,0.0,0.0
24.3479585647583,0,0.0,0.0,0.0
24.359100103378296,0,0.0,0.0,0.0
24.369107723236084,0,0.0,0.0,0.0
24.381757736206055,0,0.0,0.0,0.0
24.394012689590454,0,0.0,0.0,0.0
24.396944046020508,0,0.0,0.0,0.0
24.41055917739868,0,0.0,0.0,0.0
24.419501781463623,0,0.0,0.0,0.0
24.42660355567932,0,0.0,0.0,0.0
24.444066762924194,0,0.0,0.0,0.0
24.454075813293457,0,0.0,0.0,0.0
24.464072227478027,0,0.0,0.0,0.0
24.474071502685547,0,0.0,0.0,0.0
24.481265544891357,0,0.0,0.0,0.0
24.494104862213135,0,0.0,0.0,0.0
24.494104862213135,0,0.0,0.0,0.0
24.514109134674072,0,0.0,0.0,0.0
24.524110317230225,0,0.0,0.0,0.0
24.53411078453064,0,0.0,0.0,0.0
24.53411078453064,0,0.0,0.0,0.0
24.54530096054077,0,0.0,0.0,0.0
24.55533790588379,0,0.0,0.0,0.0
24.565338373184204,0,0.0,0.0,0.0
24.575337886810303,0,0.0,0.0,0.0
24.58533763885498,0,0.0,0.0,0.0
24.598031997680664,0,0.0,0.0,0.0
24.61381697654724,0,0.0,0.0,0.0
24.623912572860718,0,0.0,0.0,0.0
24.628018379211426,0,0.0,0.0,0.0
24.642557382583618,0,0.0,0.0,0.0
24.651270151138306,0,0.0,0.0,0.0
24.659269094467163,0,0.0,0.0,0.0
24.66731333732605,0,0.0,0.0,0.0
24.677316188812256,0,0.0,0.0,0.0
24.687312841415405,0,0.0,0.0,0.0
24.69731593132019,0,0.0,0.0,0.0
24.70734715461731,0,0.0,0.0,0.0
24.71731472015381,0,0.0,0.0,0.0
24.727375268936157,0,0.0,0.0,0.0
24.738354444503784,0,0.0,0.0,0.0
24.7483549118042,0,0.0,0.0,0.0
24.760899305343628,0,0.0,0.0,0.0
24.77178645133972,0,0.0,0.0,0.0
24.781788110733032,0,0.0,0.0,0.0
24.7929105758667,0,0.0,0.0,0.0
24.803257703781128,0,0.0,0.0,0.0
24.81401038169861,0,0.0,0.0,0.0
24.822890758514404,0,0.0,0.0,0.0
24.83323836326599,0,0.0,0.0,0.0
24.843814611434937,0,0.0,0.0,0.0
24.853582620620728,0,0.0,0.0,0.0
24.86288094520569,0,0.0,0.0,0.0
24.87129282951355,0,0.0,0.0,0.0
24.88392424583435,0,0.0,0.0,0.0
24.893661737442017,0,0.0,0.0,0.0
24.894659280776978,0,0.0,0.0,0.0
24.910354137420654,0,0.0,0.0,0.0
24.92037081718445,0,0.0,0.0,0.0
24.930370569229126,0,0.0,0.0,0.0
24.940370321273804,0,0.0,0.0,0.0
24.953951120376587,0,0.0,0.0,0.0
24.963963985443115,0,0.0,0.0,0.0
24.974072217941284,0,0.0,0.0,0.0
24.97509503364563,0,0.0,0.0,0.0
24.985105752944946,0,0.0,0.0,0.0
24.995105504989624,0,0.0,0.0,0.0
25.00510573387146,0,0.0,0.0,0.0
25.018696069717407,0,0.0,0.0,0.0
25.033004999160767,0,0.0,0.0,0.0
25.043149709701538,0,0.0,0.0,0.0
25.05304503440857,0,0.0,0.0,0.0
25.060175895690918,0,0.0,0.0,0.0
25.068191528320312,0,0.0,0.0,0.0
25.077232837677002,0,0.0,0.0,0.0
25.087241649627686,0,0.0,0.0,0.0
25.097240924835205,0,0.0,0.0,0.0
25.108948469161987,0,0.0,0.0,0.0
25.124105215072632,0,0.0,0.0,0.0
25.124105215072632,0,0.0,0.0,0.0
25.144110441207886,0,0.0,0.0,0.0
25.15411067008972,0,0.0,0.0,0.0
25.16411066055298,0,0.0,0.0,0.0
25.174110174179077,0,0.0,0.0,0.0
25.184109926223755,0,0.0,0.0,0.0
25.184109926223755,0,0.0,0.0,0.0
25.19527268409729,0,0.0,0.0,0.0
25.205308198928833,0,0.0,0.0,0.0
25.21530842781067,0,0.0,0.0,0.0
25.23381280899048,0,0.0,0.0,0.0
25.24312138557434,0,0.0,0.0,0.0
25.253140687942505,0,0.0,0.0,0.0
25.26140594482422,0,0.0,0.0,0.0
25.26941156387329,0,0.0,0.0,0.0
25.276458263397217,0,0.0,0.0,0.0
25.287587642669678,0,0.0,0.0,0.0
25.303942918777466,0,0.0,0.0,0.0
25.309584379196167,0,0.0,0.0,0.0
25.320565462112427,0,0.0,0.0,0.0
25.330563068389893,0,0.0,0.0,0.0
25.34284281730652,0,0.0,0.0,0.0
25.353246450424194,0,0.0,0.0,0.0
25.363255977630615,0,0.0,0.0,0.0
25.373454093933105,0,0.0,0.0,0.0
25.374451398849487,0,0.0,0.0,0.0
25.39382839202881,0,0.0,0.0,0.0
25.40389347076416,0,0.0,0.0,0.0
25.413903951644897,0,0.0,0.0,0.0
25.423900604248047,0,0.0,0.0,0.0
25.433897733688354,0,0.0,0.0,0.0
25.443979024887085,0,0.0,0.0,0.0
25.4469256401062,0,0.0,0.0,0.0
25.463627576828003,0,0.0,0.0,0.0
25.47367024421692,0,0.0,0.0,0.0
25.477967023849487,0,0.0,0.0,0.0
25.493127584457397,0,0.0,0.0,0.0
25.503170251846313,0,0.0,0.0,0.0
25.513951063156128,0,0.0,0.0,0.0
25.52396321296692,0,0.0,0.0,0.0
25.53396248817444,0,0.0,0.0,0.0
25.543959856033325,0,0.0,0.0,0.0
25.54509139060974,0,0.0,0.0,0.0
25.555097818374634,0,0.0,0.0,0.0
25.565098524093628,0,0.0,0.0,0.0
25.57509708404541,0,0.0,0.0,0.0
25.585097551345825,0,0.0,0.0,0.0
25.59509825706482,0,0.0,0.0,0.0
25.605098009109497,0,0.0,0.0,0.0
25.615220308303833,0,0.0,0.0,0.0
25.627297163009644,0,0.0,0.0,0.0
25.63729476928711,0,0.0,0.0,0.0
25.650562524795532,0,0.0,0.0,0.0
25.66399836540222,0,0.0,0.0,0.0
25.666130304336548,0,0.0,0.0,0.0
25.678833484649658,0,0.0,0.0,0.0
25.692260026931763,0,0.0,0.0,0.0
25.702380418777466,0,0.0,0.0,0.0
25.710564613342285,0,0.0,0.0,0.0
25.723940134048462,0,0.0,0.0,0.0
25.73395299911499,0,0.0,0.0,0.0
25.74395251274109,0,0.0,0.0,0.0
25.7539484500885,0,0.0,0.0,0.0
25.76395297050476,0,0.0,0.0,0.0
25.7739520072937,0,0.0,0.0,0.0
25.777066946029663,0,0.0,0.0,0.0
25.787090301513672,0,0.0,0.0,0.0
25.797075510025024,0,0.0,0.0,0.0
25.80708646774292,0,0.0,0.0,0.0
25.824116945266724,0,0.0,0.0,0.0
25.82840895652771,0,0.0,0.0,0.0
25.838419198989868,0,0.0,0.0,0.0
25.848418712615967,0,0.0,0.0,0.0
25.8620548248291,0,0.0,0.0,0.0
25.873538970947266,0,0.0,0.0,0.0
25.878061056137085,0,0.0,0.0,0.0
25.893608331680298,0,0.0,0.0,0.0
25.90262246131897,0,0.0,0.0,0.0
25.909688472747803,0,0.0,0.0,0.0
25.919708967208862,0,0.0,0.0,0.0
25.929706573486328,0,0.0,0.0,0.0
25.944018602371216,0,0.0,0.0,0.0
25.954025745391846,0,0.0,0.0,0.0
25.964030981063843,0,0.0,0.0,0.0
25.974030017852783,0,0.0,0.0,0.0
25.98403239250183,0,0.0,0.0,0.0
25.994025230407715,0,0.0,0.0,0.0
26.004024505615234,0,0.0,0.0,0.0
26.01403284072876,0,0.0,0.0,0.0
26.024040937423706,0,0.0,0.0,0.0
26.034032821655273,0,0.0,0.0,0.0
26.038776874542236,0,0.0,0.0,0.0
26.053940296173096,0,0.0,0.0,0.0
26.063952922821045,0,0.0,0.0,0.0
26.074056386947632,0,0.0,0.0,0.0
26.082884788513184,0,0.0,0.0,0.0
26.093116998672485,0,0.0,0.0,0.0
26.10912585258484,0,0.0,0.0,0.0
26.11296772956848,0,0.0,0.0,0.0
26.122060775756836,0,0.0,0.0,0.0
26.125298976898193,0,0.0,0.0,0.0
26.143950939178467,0,0.0,0.0,0.0
26.153964281082153,0,0.0,0.0,0.0
26.163963794708252,0,0.0,0.0,0.0
26.17396330833435,0,0.0,0.0,0.0
26.18395972251892,0,0.0,0.0,0.0
26.193963527679443,0,0.0,0.0,0.0
26.1952121257782,0,0.0,0.0,0.0
26.20522403717041,0,0.0,0.0,0.0
26.215224504470825,0,0.0,0.0,0.0
26.225223302841187,0,0.0,0.0,0.0
26.23522424697876,0,0.0,0.0,0.0
26.245224237442017,0,0.0,0.0,0.0
26.255223751068115,0,0.0,0.0,0.0
26.26522421836853,0,0.0,0.0,0.0
26.284013509750366,0,0.0,0.0,0.0
26.293633699417114,0,0.0,0.0,0.0
26.302637338638306,0,0.0,0.0,0.0
26.313918590545654,0,0.0,0.0,0.0
26.32192850112915,0,0.0,0.0,0.0
26.326292991638184,0,0.0,0.0,0.0
26.336308240890503,0,0.0,0.0,0.0
26.346309185028076,0,0.0,0.0,0.0
26.356308460235596,0,0.0,0.0,0.0
26.36630868911743,0,0.0,0.0,0.0
26.37638831138611,0,0.0,0.0,0.0
26.387341260910034,0,0.0,0.0,0.0
26.39734148979187,0,0.0,0.0,0.0
26.407341241836548,0,0.0,0.0,0.0
26.417351722717285,0,0.0,0.0,0.0
26.427342653274536,0,0.0,0.0,0.0
26.437355518341064,0,0.0,0.0,0.0
26.447341442108154,0,0.0,0.0,0.0
26.45936131477356,0,0.0,0.0,0.0
26.470300436019897,0,0.0,0.0,0.0
26.480300903320312,0,0.0,0.0,0.0
26.49351215362549,0,0.0,0.0,0.0
26.503801584243774,0,0.0,0.0,0.0
26.510658025741577,0,0.0,0.0,0.0
26.518683910369873,0,0.0,0.0,0.0
26.52783465385437,0,0.0,0.0,0.0
26.542885303497314,0,0.0,0.0,0.0
26.55290126800537,0,0.0,0.0,0.0
26.56392502784729,0,0.0,0.0,0.0
26.57393741607666,0,0.0,0.0,0.0
26.58393383026123,0,0.0,0.0,0.0
26.593936920166016,0,0.0,0.0,0.0
26.603941917419434,0,0.0,0.0,0.0
26.613937616348267,0,0.0,0.0,0.0
26.623937845230103,0,0.0,0.0,0.0
26.625976085662842,0,0.0,0.0,0.0
26.636889934539795,0,0.0,0.0,0.0
26.646901607513428,0,0.0,0.0,0.0
26.659308195114136,0,0.0,0.0,0.0
26.670255661010742,0,0.0,0.0,0.0
26.680255889892578,0,0.0,0.0,0.0
26.692547082901,0,0.0,0.0,0.0
26.703587293624878,0,0.0,0.0,0.0
26.71338987350464,0,0.0,0.0,0.0
26.72309684753418,0,0.0,0.0,0.0
26.727423429489136,0,0.0,0.0,0.0
26.74319839477539,0,0.0,0.0,0.0
26.751212120056152,0,0.0,0.0,0.0
26.759253978729248,0,0.0,0.0,0.0
26.770231008529663,0,0.0,0.0,0.0
26.783910274505615,0,0.0,0.0,0.0
26.793919563293457,0,0.0,0.0,0.0
26.803919076919556,0,0.0,0.0,0.0
26.813923358917236,0,0.0,0.0,0.0
26.823922634124756,0,0.0,0.0,0.0
26.825934648513794,0,0.0,0.0,0.0
26.836894989013672,0,0.0,0.0,0.0
26.846895694732666,0,0.0,0.0,0.0
26.85903024673462,0,0.0,0.0,0.0
26.86903953552246,0,0.0,0.0,0.0
26.883935928344727,0,0.0,0.0,0.0
26.89394497871399,0,0.0,0.0,0.0
26.904131412506104,0,0.0,0.0,0.0
26.913713693618774,0,0.0,0.0,0.0
26.92275357246399,0,0.0,0.0,0.0
26.928457498550415,0,0.0,0.0,0.0
26.94311285018921,0,0.0,0.0,0.0
26.95115852355957,0,0.0,0.0,0.0
26.96021842956543,0,0.0,0.0,0.0
26.970242738723755,0,0.0,0.0,0.0
26.980225801467896,0,0.0,0.0,0.0
26.992494344711304,0,0.0,0.0,0.0
27.003129243850708,0,0.0,0.0,0.0
27.013143301010132,0,0.0,0.0,0.0
27.02312970161438,0,0.0,0.0,0.0
27.026849031448364,0,0.0,0.0,0.0
27.03687572479248,0,0.0,0.0,0.0
27.04684805870056,0,0.0,0.0,0.0
27.056851148605347,0,0.0,0.0,0.0
27.066874265670776,0,0.0,0.0,0.0
27.076847791671753,0,0.0,0.0,0.0
27.086853504180908,0,0.0,0.0,0.0
27.096847534179688,0,0.0,0.0,0.0
27.11101746559143,0,0.0,0.0,0.0
27.123557806015015,0,0.0,0.0,0.0
27.129732608795166,0,0.0,0.0,0.0
27.143285036087036,0,0.0,0.0,0.0
27.153373956680298,0,0.0,0.0,0.0
27.16040802001953,0,0.0,0.0,0.0
27.170419216156006,0,0.0,0.0,0.0
27.180420398712158,0,0.0,0.0,0.0
27.1904194355011,0,0.0,0.0,0.0
27.200419664382935,0,0.0,0.0,0.0
27.21041989326477,0,0.0,0.0,0.0
27.220420598983765,0,0.0,0.0,0.0
27.230419635772705,0,0.0,0.0,0.0
27.24045205116272,0,0.0,0.0,0.0
27.25260019302368,0,0.0,0.0,0.0
27.256650924682617,0,0.0,0.0,0.0
27.266665935516357,0,0.0,0.0,0.0
27.27666687965393,0,0.0,0.0,0.0
27.286665678024292,0,0.0,0.0,0.0
27.296666860580444,0,0.0,0.0,0.0
27.306665182113647,0,0.0,0.0,0.0
27.316665649414062,0,0.0,0.0,0.0
27.33080744743347,0,0.0,0.0,0.0
27.343702793121338,0,0.0,0.0,0.0
27.352219343185425,0,0.0,0.0,0.0
27.363424062728882,0,0.0,0.0,0.0
27.369104385375977,0,0.0,0.0,0.0
27.37632918357849,0,0.0,0.0,0.0
27.394054174423218,0,0.0,0.0,0.0
27.399651765823364,0,0.0,0.0,0.0
27.413276433944702,0,0.0,0.0,0.0
27.423200607299805,0,0.0,0.0,0.0
27.431684494018555,0,0.0,0.0,0.0
27.443623304367065,0,0.0,0.0,0.0
27.448891401290894,0,0.0,0.0,0.0
27.45885729789734,0,0.0,0.0,0.0
27.47383403778076,0,0.0,0.0,0.0
27.483986377716064,0,0.0,0.0,0.0
27.48885178565979,0,0.0,0.0,0.0
27.500627756118774,0,0.0,0.0,0.0
27.512216329574585,0,0.0,0.0,0.0
27.516730308532715,0,0.0,0.0,0.0
27.532543897628784,0,0.0,0.0,0.0
27.54303503036499,0,0.0,0.0,0.0
27.552339792251587,0,0.0,0.0,0.0
27.56357765197754,0,0.0,0.0,0.0
27.57394576072693,0,0.0,0.0,0.0
27.58352541923523,0,0.0,0.0,0.0
27.5937762260437,0,0.0,0.0,0.0
27.598281145095825,0,0.0,0.0,0.0
27.609232187271118,0,0.0,0.0,0.0
27.62316608428955,0,0.0,0.0,0.0
27.624162912368774,0,0.0,0.0,0.0
27.634175062179565,0,0.0,0.0,0.0
27.652228355407715,0,0.0,0.0,0.0
27.66208815574646,0,0.0,0.0,0.0
27.672434091567993,0,0.0,0.0,0.0
27.67723512649536,0,0.0,0.0,0.0
27.6903018951416,0,0.0,0.0,0.0
27.703798055648804,0,0.0,0.0,0.0
27.704793214797974,0,0.0,0.0,0.0
27.72387957572937,0,0.0,0.0,0.0
27.733709812164307,0,0.0,0.0,0.0
27.739800453186035,0,0.0,0.0,0.0
27.75373363494873,0,0.0,0.0,0.0
27.763227224349976,0,0.0,0.0,0.0
27.77364444732666,0,0.0,0.0,0.0
27.777213096618652,0,0.0,0.0,0.0
27.79193425178528,0,0.0,0.0,0.0
27.800814628601074,0,0.0,0.0,0.0
27.80881381034851,0,0.0,0.0,0.0
27.817723989486694,0,0.0,0.0,0.0
27.828758478164673,0,0.0,0.0,0.0
27.839354276657104,0,0.0,0.0,0.0
27.84937834739685,0,0.0,0.0,0.0
27.85937786102295,0,0.0,0.0,0.0
27.869381427764893,0,0.0,0.0,0.0
27.87938141822815,0,0.0,0.0,0.0
27.89313268661499,0,0.0,0.0,0.0
27.89672327041626,0,0.0,0.0,0.0
27.909108877182007,0,0.0,0.0,0.0
27.92003846168518,0,0.0,0.0,0.0
27.933637857437134,0,0.0,0.0,0.0
27.9438955783844,0,0.0,0.0,0.0
27.95390224456787,0,0.0,0.0,0.0
27.964014053344727,0,0.0,0.0,0.0
27.973005771636963,0,0.0,0.0,0.0
27.983372926712036,0,0.0,0.0,0.0
27.993824005126953,0,0.0,0.0,0.0
28.003857851028442,0,0.0,0.0,0.0
28.008504629135132,0,0.0,0.0,0.0
28.017390489578247,0,0.0,0.0,0.0
28.025562047958374,0,0.0,0.0,0.0
28.034582376480103,0,0.0,0.0,0.0
28.044583082199097,0,0.0,0.0,0.0
28.054583311080933,0,0.0,0.0,0.0
28.064584732055664,0,0.0,0.0,0.0
28.07567811012268,0,0.0,0.0,0.0
28.086560487747192,0,0.0,0.0,0.0
28.096560955047607,0,0.0,0.0,0.0
28.109036207199097,0,0.0,0.0,0.0
28.12140989303589,0,0.0,0.0,0.0
28.131426572799683,0,0.0,0.0,0.0
28.14144253730774,0,0.0,0.0,0.0
28.153939247131348,0,0.0,0.0,0.0
28.16394829750061,0,0.0,0.0,0.0
28.174097061157227,0,0.0,0.0,0.0
28.183989763259888,0,0.0,0.0,0.0
28.193180561065674,0,0.0,0.0,0.0
28.203327894210815,0,0.0,0.0,0.0
28.211567401885986,0,0.0,0.0,0.0
28.219576120376587,0,0.0,0.0,0.0
28.22490167617798,0,0.0,0.0,0.0
28.243951559066772,0,0.0,0.0,0.0
28.25396490097046,0,0.0,0.0,0.0
28.263964414596558,0,0.0,0.0,0.0
28.273516416549683,0,0.0,0.0,0.0
28.274513959884644,0,0.0,0.0,0.0
28.293322563171387,0,0.0,0.0,0.0
28.303348302841187,0,0.0,0.0,0.0
28.31217312812805,0,0.0,0.0,0.0
28.32392430305481,0,0.0,0.0,0.0
28.33393359184265,0,0.0,0.0,0.0
28.343942642211914,0,0.0,0.0,0.0
28.353936672210693,0,0.0,0.0,0.0
28.363937377929688,0,0.0,0.0,0.0
28.373949766159058,0,0.0,0.0,0.0
28.376606464385986,0,0.0,0.0,0.0
28.392647981643677,0,0.0,0.0,0.0
28.403565406799316,0,0.0,0.0,0.0
28.4105544090271,0,0.0,0.0,0.0
28.419522523880005,0,0.0,0.0,0.0
28.433951139450073,0,0.0,0.0,0.0
28.441962718963623,0,0.0,0.0,0.0
28.45395255088806,0,0.0,0.0,0.0
28.463963985443115,0,0.0,0.0,0.0
28.47396445274353,0,0.0,0.0,0.0
28.483965635299683,0,0.0,0.0,0.0
28.494049787521362,0,0.0,0.0,0.0
28.49505639076233,0,0.0,0.0,0.0
28.50506281852722,0,0.0,0.0,0.0
28.515063047409058,0,0.0,0.0,0.0
28.525062799453735,0,0.0,0.0,0.0
28.543920516967773,0,0.0,0.0,0.0
28.553354501724243,0,0.0,0.0,0.0
28.563456296920776,0,0.0,0.0,0.0
28.56445336341858,0,0.0,0.0,0.0
28.574476718902588,0,0.0,0.0,0.0
28.584477186203003,0,0.0,0.0,0.0
28.594478845596313,0,0.0,0.0,0.0
28.613632440567017,0,0.0,0.0,0.0
28.618975162506104,0,0.0,0.0,0.0
28.62812328338623,0,0.0,0.0,0.0
28.642823934555054,0,0.0,0.0,0.0
28.65085196495056,0,0.0,0.0,0.0
28.659929990768433,0,0.0,0.0,0.0
28.673945665359497,0,0.0,0.0,0.0
28.683958768844604,0,0.0,0.0,0.0
28.69395899772644,0,0.0,0.0,0.0
28.694202423095703,0,0.0,0.0,0.0
28.70509099960327,0,0.0,0.0,0.0
28.715091228485107,0,0.0,0.0,0.0
28.725090980529785,0,0.0,0.0,0.0
28.7351233959198,0,0.0,0.0,0.0
28.745107650756836,0,0.0,0.0,0.0
28.755090951919556,0,0.0,0.0,0.0
28.765090942382812,0,0.0,0.0,0.0
28.77509069442749,0,0.0,0.0,0.0
28.7850923538208,0,0.0,0.0,0.0
28.79511857032776,0,0.0,0.0,0.0
28.80509090423584,0,0.0,0.0,0.0
28.815091371536255,0,0.0,0.0,0.0
28.833847045898438,0,0.0,0.0,0.0
28.842863082885742,0,0.0,0.0,0.0
28.85181427001953,0,0.0,0.0,0.0
28.859108448028564,0,0.0,0.0,0.0
28.867125988006592,0,0.0,0.0,0.0
28.875802516937256,0,0.0,0.0,0.0
28.88581871986389,0,0.0,0.0,0.0
28.89581799507141,0,0.0,0.0,0.0
28.90581774711609,0,0.0,0.0,0.0
28.915817737579346,0,0.0,0.0,0.0
28.9258291721344,0,0.0,0.0,0.0
28.93581748008728,0,0.0,0.0,0.0
28.945817470550537,0,0.0,0.0,0.0
28.96391201019287,0,0.0,0.0,0.0
28.97394037246704,0,0.0,0.0,0.0
28.983924627304077,0,0.0,0.0,0.0
28.993921756744385,0,0.0,0.0,0.0
29.003934621810913,0,0.0,0.0,0.0
29.013920783996582,0,0.0,0.0,0.0
29.023927688598633,0,0.0,0.0,0.0
29.026498556137085,0,0.0,0.0,0.0
29.03650736808777,0,0.0,0.0,0.0
29.053402185440063,0,0.0,0.0,0.0
29.058527946472168,0,0.0,0.0,0.0
29.067477226257324,0,0.0,0.0,0.0
29.077226877212524,0,0.0,0.0,0.0
29.093939304351807,0,0.0,0.0,0.0
29.103951930999756,0,0.0,0.0,0.0
29.113951921463013,0,0.0,0.0,0.0
29.12395167350769,0,0.0,0.0,0.0
29.133952617645264,0,0.0,0.0,0.0
29.143952131271362,0,0.0,0.0,0.0
29.15395164489746,0,0.0,0.0,0.0
29.155252695083618,0,0.0,0.0,0.0
29.173940181732178,0,0.0,0.0,0.0
29.183952569961548,0,0.0,0.0,0.0
29.193953037261963,0,0.0,0.0,0.0
29.20395278930664,0,0.0,0.0,0.0
29.213953018188477,0,0.0,0.0,0.0
29.223952770233154,0,0.0,0.0,0.0
29.23395085334778,0,0.0,0.0,0.0
29.243963956832886,0,0.0,0.0,0.0
29.25396990776062,0,0.0,0.0,0.0
29.26412534713745,0,0.0,0.0,0.0
29.27394199371338,0,0.0,0.0,0.0
29.276844024658203,0,0.0,0.0,0.0
29.294023752212524,0,0.0,0.0,0.0
29.302134037017822,0,0.0,0.0,0.0
29.309033393859863,0,0.0,0.0,0.0
29.32395052909851,0,0.0,0.0,0.0
29.333965301513672,0,0.0,0.0,0.0
29.343963384628296,0,0.0,0.0,0.0
29.353960514068604,0,0.0,0.0,0.0
29.36396074295044,0,0.0,0.0,0.0
29.373961925506592,0,0.0,0.0,0.0
29.376454830169678,0,0.0,0.0,0.0
29.386462688446045,0,0.0,0.0,0.0
29.397558450698853,0,0.0,0.0,0.0
29.40756583213806,0,0.0,0.0,0.0
29.41756582260132,0,0.0,0.0,0.0
29.427566528320312,0,0.0,0.0,0.0
29.437565565109253,0,0.0,0.0,0.0
29.447566747665405,0,0.0,0.0,0.0
29.458725214004517,0,0.0,0.0,0.0
29.46962070465088,0,0.0,0.0,0.0
29.482003688812256,0,0.0,0.0,0.0
29.493443965911865,0,0.0,0.0,0.0
29.502479076385498,0,0.0,0.0,0.0
29.508991241455078,0,0.0,0.0,0.0
29.517008066177368,0,0.0,0.0,0.0
29.52560591697693,0,0.0,0.0,0.0
29.535618782043457,0,0.0,0.0,0.0
29.54561948776245,0,0.0,0.0,0.0
29.55561876296997,0,0.0,0.0,0.0
29.565618991851807,0,0.0,0.0,0.0
29.57561993598938,0,0.0,0.0,0.0
29.585619688034058,0,0.0,0.0,0.0
29.595625400543213,0,0.0,0.0,0.0
29.605618953704834,0,0.0,0.0,0.0
29.61561894416809,0,0.0,0.0,0.0
29.62570071220398,0,0.0,0.0,0.0
29.63668656349182,0,0.0,0.0,0.0
29.646686792373657,0,0.0,0.0,0.0
29.656686544418335,0,0.0,0.0,0.0
29.66668701171875,0,0.0,0.0,0.0
29.676687002182007,0,0.0,0.0,0.0
29.686689376831055,0,0.0,0.0,0.0
29.70386791229248,0,0.0,0.0,0.0
29.710505962371826,0,0.0,0.0,0.0
29.718513250350952,0,0.0,0.0,0.0
29.727065801620483,0,0.0,0.0,0.0
29.742266178131104,0,0.0,0.0,0.0
29.75228238105774,0,0.0,0.0,0.0
29.764005422592163,0,0.0,0.0,0.0
29.7654926776886,0,0.0,0.0,0.0
29.775504112243652,0,0.0,0.0,0.0
29.78550410270691,0,0.0,0.0,0.0
29.795504331588745,0,0.0,0.0,0.0
29.805504083633423,0,0.0,0.0,0.0
29.81550431251526,0,0.0,0.0,0.0
29.825504541397095,0,0.0,0.0,0.0
29.835504055023193,0,0.0,0.0,0.0
29.84550452232361,0,0.0,0.0,0.0
29.855504512786865,0,0.0,0.0,0.0
29.865504264831543,0,0.0,0.0,0.0
29.875504970550537,0,0.0,0.0,0.0
29.885504245758057,0,0.0,0.0,0.0
29.895504474639893,0,0.0,0.0,0.0
29.913395881652832,0,0.0,0.0,0.0
29.921308994293213,0,0.0,0.0,0.0
29.92677927017212,0,0.0,0.0,0.0
29.942225217819214,0,0.0,0.0,0.0
29.95024275779724,0,0.0,0.0,0.0
29.95888352394104,0,0.0,0.0,0.0
29.96889591217041,0,0.0,0.0,0.0
29.97889757156372,0,0.0,0.0,0.0
29.98889470100403,0,0.0,0.0,0.0
29.998894929885864,0,0.0,0.0,0.0
